Reservoir unit,Latitude,Longitude,Tectonic regime,Onshore/Offshore,Hydrocarbon type,Reservoir status,Structural setting,Depth,Period,Lithology,Gross,Netpay,Porosity,Permeability
ARAB D,26.08,49.81,COMPRESSION/EVAPORITE,ONSHORE,OIL,REJUVENATING,FORELAND,6050,JURASSIC,LIMESTONE,250.0,184.0,21.0,410.0
BAHARIYA,29.7422,28.4925,EXTENSION,ONSHORE,GAS-CONDENSATE,MATURE PRODUCTION,RIFT,10282,CRETACEOUS,SANDSTONE,745.0,144.0,10.0,8.0
ABU MADI (LEVEL II),31.4382,31.3616,STRIKE-SLIP/TRANSTENSION/SHALE/EVAPORITE/BASEMENT-I,ONSHORE,GAS,DECLINING PRODUCTION,WRENCH/DELTA,9843,NEOGENE,THINLY-BEDDED SANDSTONE,115.0,66.0,22.0,200.0
ABU MADI (LEVEL III),31.4382,31.3616,STRIKE-SLIP/TRANSTENSION/SHALE/EVAPORITE/BASEMENT-I,ONSHORE,GAS,DECLINING PRODUCTION,WRENCH/DELTA,10499,NEOGENE,SANDSTONE,509.0,410.0,20.0,300.0
SHUAIBA,21.9607,56.0452,COMPRESSION/EVAPORITE,ONSHORE,OIL,REJUVENATING,SALT/FORELAND,4955,CRETACEOUS,LIMESTONE,250.0,100.0,21.0,60.0
UPPER GLEN ROSE D ZONE,31.2143,-95.7981,GRAVITY/EXTENSION/EVAPORITE,ONSHORE,OIL,MATURE PRODUCTION,PASSIVE MARGIN,8700,CRETACEOUS,LIMESTONE,95.0,15.0,12.0,20.0
ALBA,58.0692,1.0784,,OFFSHORE,OIL,DECLINING PRODUCTION,RIFT,5642,PALEOGENE,THINLY-BEDDED SANDSTONE,300.0,270.0,,3500.0
TRENTON-BLACK RIVER,41.9937,-84.6016,,ONSHORE,OIL,NEARLY DEPLETED,INTRACRATONIC,3800,ORDOVICIAN,DOLOMITE,600.0,400.0,,10.0
KT I,48.474,57.6667,COMPRESSION/EVAPORITE,ONSHORE,OIL,DEVELOPING,SUB-SALT/FORELAND,6000,CARBONIFEROUS,LIMESTONE,300.0,105.0,10.0,20.0
KT II,48.474,57.6667,COMPRESSION/EVAPORITE,ONSHORE,OIL,DEVELOPING,SUB-SALT/FORELAND,9580,CARBONIFEROUS,LIMESTONE,607.0,108.0,10.0,20.0
ALPINE,70.3266,-150.892,COMPRESSION,ONSHORE,OIL,PLATEAU PRODUCTION,FORELAND,6600,JURASSIC,SANDSTONE,50.0,49.0,20.0,15.0
GREEN RIVER AND COLTON/WASATCH,40.3,-110.21,COMPRESSION,ONSHORE,OIL,MATURE PRODUCTION,FORELAND,15250,PALEOGENE,SANDSTONE,8000.0,575.0,5.0,0.1
BRENT (BRENT EAST),60.7833,1.7333,INVERSION/COMPRESSION/EXTENSION,OFFSHORE,OIL,NEARLY DEPLETED,RIFT,9790,JURASSIC,SANDSTONE,886.0,344.0,17.0,500.0
STATFJORD,60.7833,1.7333,EXTENSION/EROSION,OFFSHORE,GAS-CONDENSATE,MATURE PRODUCTION,RIFT,10545,TRIASSIC-JURASSIC,SANDSTONE,869.0,512.0,13.5,330.0
PARADOX (DESERT CREEK),37.0789,-109.2333,COMPRESSION/EXTENSION/EVAPORITE,ONSHORE,OIL,DECLINING PRODUCTION,INTRACRATONIC,5575,CARBONIFEROUS,DOLOMITE,80.0,46.0,14.0,15.0
LISTA (ANDREW SANDSTONE),58.0479,1.4208,INVERSION/COMPRESSION/EXTENSION/EVAPORITE/GRAVITY,OFFSHORE,OIL,DECLINING PRODUCTION,SALT/RIFT,7595,PALEOGENE,SANDSTONE,541.0,367.0,20.0,200.0
PARADOX (DESERT CREEK),37.3038,-109.2469,COMPRESSION/EXTENSION/EVAPORITE,ONSHORE,OIL,NEARLY DEPLETED,INTRACRATONIC,5470,CARBONIFEROUS,DOLOMITE,100.0,50.0,10.0,15.0
ANGUS SAND,56.1648,3.0593,EXTENSION/EROSION,OFFSHORE,OIL,DECLINING PRODUCTION,RIFT,10130,JURASSIC,SANDSTONE,100.0,60.0,18.0,3000.0
ANKLESHWAR (HAZAD-ARDOL),21.6,72.9167,STRIKE-SLIP/TRANSPRESSION/BASEMENT-I,ONSHORE,OIL,MATURE PRODUCTION,WRENCH/RIFT,2950,PALEOGENE,SANDSTONE,670.0,0.0,21.0,250.0
NUGGET,41.0799,-111.0518,COMPRESSION,ONSHORE,GAS-CONDENSATE,DECLINING PRODUCTION,SUB-THRUST,12370,JURASSIC,SANDSTONE,1020.0,816.0,10.0,3.0
ANTRIM SHALE (NORWOOD-LACHINE),44.954,-84.6603,STRIKE-SLIP/TRANSPRESSION,ONSHORE,GAS,PLATEAU PRODUCTION,INTRACRATONIC,500,DEVONIAN,SHALE,100.0,80.0,4.0,10.0
CIBULAKAN,-5.895,107.6981,INVERSION/COMPRESSION/EXTENSION,OFFSHORE,OIL,MATURE PRODUCTION,BACKARC,2310,NEOGENE,LOW-RESISTIVITY SANDSTONE,1197.0,263.0,26.0,300.0
KASHIRA-PODOL,55.8569,54.3689,,ONSHORE,OIL,DECLINING PRODUCTION,FORELAND,2760,CARBONIFEROUS,DOLOMITIC LIMESTONE,141.0,26.0,,24.0
ARUN LIMESTONE (PEUTU),5.0542,97.2583,STRIKE-SLIP/TRANSPRESSION/BASEMENT-I,ONSHORE,GAS-CONDENSATE,DECLINING PRODUCTION,BACKARC,9460,NEOGENE,LIMESTONE,770.0,500.0,16.0,13.5
THAMAMA ZONE B-C,23.298,54.2216,COMPRESSION/EVAPORITE/EXTENSION/LINKED,ONSHORE,OIL,DECLINING PRODUCTION,SALT/FORELAND,7850,CRETACEOUS,LIMESTONE,274.0,250.0,30.0,20.0
EL GARIA,34.29,11.3989,EXTENSION,OFFSHORE,OIL,MATURE PRODUCTION,RIFT,8800,PALEOGENE,LIMESTONE,295.0,246.0,17.2,42.0
S SAND,27.5458,-92.443,,OFFSHORE,OIL,DECLINING PRODUCTION,DELTA/SALT/PASSIVE MARGIN,15840,NEOGENE,THINLY-BEDDED SANDSTONE,200.0,170.0,,150.0
ROTLIEGEND (AUK),56.4125,2.0286,EXTENSION/EROSION,OFFSHORE,OIL,MATURE PRODUCTION,RIFT,7044,PERMIAN,SANDSTONE,980.0,840.0,19.0,5.0
ZECHSTEIN (HALIBUT),56.4125,2.0286,EXTENSION,OFFSHORE,OIL,DEPLETED,RIFT,7044,PERMIAN,DOLOMITE,30.0,30.0,13.0,53.0
KHUFF,26.0333,50.5333,COMPRESSION/GRAVITY/EVAPORITE/EXTENSION/LINKED,ONSHORE,GAS,UNKNOWN,SALT/FORELAND,8943,PERMIAN,DOLOMITE,2100.0,445.0,11.0,25.0
MAUDDUD,26.0333,50.5333,,ONSHORE,OIL,DECLINING PRODUCTION,SALT/FORELAND,2233,CRETACEOUS,LIMESTONE,110.0,110.0,,63.0
THAMAMA ZONE B,23.875,53.5375,,ONSHORE,OIL,SECOND PLATEAU PRODUTION,SALT/FORELAND,8460,CRETACEOUS,LIMESTONE,144.0,127.0,,30.0
BAHARIYA,29.8589,28.5229,EXTENSION,ONSHORE,OIL,MATURE PRODUCTION,RIFT,11175,CRETACEOUS,LOW-RESISTIVITY SANDSTONE,115.0,46.0,12.0,15.0
ABU ROASH G,29.8698,27.7164,EXTENSION,ONSHORE,GAS-CONDENSATE,DECLINING PRODUCTION,RIFT,7087,CRETACEOUS,SANDSTONE,476.0,95.0,21.5,55.0
BAHARIYA,29.8698,27.7164,EXTENSION,ONSHORE,GAS-CONDENSATE,DECLINING PRODUCTION,RIFT,7546,CRETACEOUS,SANDSTONE,361.0,148.0,20.0,225.0
KHARITA,29.841,27.915,EXTENSION,ONSHORE,GAS-CONDENSATE,DECLINING PRODUCTION,RIFT,11200,CRETACEOUS,SANDSTONE,1378.0,446.0,14.0,340.0
BELAYIM,28.2349,33.4649,EXTENSION/EVAPORITE,OFFSHORE,OIL,PLATEAU PRODUCTION,SUB-SALT/RIFT,5025,NEOGENE,SANDSTONE,285.0,117.0,24.0,300.0
KAREEM,28.2349,33.4649,,OFFSHORE,OIL,THIRD PLATEAU PRODUCTION,SUB-SALT/RIFT,5671,NEOGENE,SANDSTONE,1000.0,290.0,,50.0
PRODUCTIVE SERIES (PERERIVA-BALAKHANY),40.0822,50.0975,,OFFSHORE,OIL,DECLINING PRODUCTION,INVERSION/RIFT,14650,NEOGENE,SANDSTONE,1000.0,490.0,,40.0
MAIN LIMESTONE,35.6378,44.0272,COMPRESSION/EVAPORITE,ONSHORE,OIL,REJUVENATING,FORELAND,2450,PALEOGENE-NEOGENE,LIMESTONE,900.0,285.0,20.0,50.0
BAIKOUQUAN,45.9306,85.0333,COMPRESSION/EROSION,ONSHORE,OIL,REJUVENATING,SUB-THRUST,6970,TRIASSIC,CONGLOMERATE,525.0,100.0,12.2,71.2
SHATLYK,38.0,61.88,,ONSHORE,GAS,ABANDONED,FORELAND,9090,CRETACEOUS,SANDSTONE,230.0,197.0,,123.0
TELISA 600,1.667,100.733,INVERSION/STRIKE-SLIP/TRANSPRESSION/EXTENSION/BASEMENT-I,ONSHORE,OIL,REJUVENATING,INVERSION/BACKARC,1060,NEOGENE,LOW-RESISTIVITY SANDSTONE,120.0,70.0,32.0,68.0
BIG SAND,27.69,-91.73,GRAVITY/EXTENSION/EVAPORITE/SYNSEDIMENTATION,OFFSHORE,GAS,PLATEAU PRODUCTION,SALT/PASSIVE MARGIN,13850,NEOGENE,SANDSTONE,118.0,100.0,27.0,836.0
KALOL,23.498,72.188,INVERSION/COMPRESSION/EXTENSION,ONSHORE,OIL,REJUVENATING,RIFT,3136,PALEOGENE,SANDSTONE,148.0,13.0,28.0,5000.0
RR2/RS2,4.705,113.694,GRAVITY/SHALE/EXTENSION/SYNSEDIMENTATION,OFFSHORE,OIL,DECLINING PRODUCTION,DELTA/WRENCH,6615,NEOGENE,SANDSTONE,375.0,175.0,20.0,185.0
LEMAN SANDSTONE,53.6204,1.5183,INVERSION/COMPRESSION/EXTENSION/EVAPORITE/GRAVITY,OFFSHORE,GAS,DECLINING PRODUCTION,SUB-SALT/INVERSION,6900,PERMIAN,SANDSTONE,750.0,570.0,11.0,0.5
LATROBE (M1 UNIT),-38.2786,147.7094,INVERSION/COMPRESSION/EXTENSION/EROSION,OFFSHORE,OIL,TEMPORARILY SHUT-IN,INVERSION/RIFT,4360,PALEOGENE,SANDSTONE,98.0,49.0,27.0,5000.0
LATROBE (N1 UNIT),-38.2786,147.7094,INVERSION/COMPRESSION/EXTENSION/EROSION,OFFSHORE,GAS,DECLINING PRODUCTION,INVERSION/RIFT,3184,PALEOGENE,SANDSTONE,377.0,295.0,25.0,1000.0
MISSION CANYON (MADISON),48.2713,-102.9547,COMPRESSION,ONSHORE,OIL,REJUVENATING,INTRACRATONIC,8350,CARBONIFEROUS,LIMESTONE,120.0,20.0,6.0,1.0
RUDEIS-KAREEM,28.603,33.1278,EXTENSION/EVAPORITE,OFFSHORE,OIL,DECLINING PRODUCTION,SUB-SALT/RIFT,7090,NEOGENE,SANDSTONE,1300.0,500.0,18.0,400.0
MUDDY,45.1039,-105.0967,COMPRESSION,ONSHORE,OIL,NEARLY DEPLETED,FORELAND,4300,CRETACEOUS,SANDSTONE,45.0,23.0,28.5,2250.0
HANIFA,26.9833,49.6167,COMPRESSION/EVAPORITE,OFFSHORE,OIL,DECLINING PRODUCTION,FORELAND,7500,JURASSIC,LIMESTONE,270.0,190.0,17.0,50.0
BERYL,59.5498,1.5318,EXTENSION/EROSION,OFFSHORE,OIL,DECLINING PRODUCTION,RIFT,9200,JURASSIC,SANDSTONE,500.0,425.0,17.0,350.0
LINNHE,59.5498,1.5318,EXTENSION/EROSION,OFFSHORE,OIL,UNKNOWN,RIFT,9600,JURASSIC,SANDSTONE,300.0,120.0,14.0,100.0
NANSEN,59.5498,1.5318,EXTENSION/EROSION,OFFSHORE,OIL,UNKNOWN,RIFT,9959,JURASSIC,SANDSTONE,180.0,144.0,18.0,200.0
ASMARI,30.0572,50.6384,COMPRESSION/EVAPORITE,ONSHORE,OIL,MATURE PRODUCTION,FORELAND,3150,PALEOGENE-NEOGENE,DOLOMITIC LIMESTONE,1600.0,672.0,9.0,1.0
OHIO SHALE,37.7682,-82.4974,,ONSHORE,GAS,DECLINING PRODUCTION,FORELAND,2200,DEVONIAN,SHALE,600.0,100.0,,0.002
MISSION CANYON (BIG STICK FIELD),47.1,-103.32,EXTENSION,ONSHORE,OIL,MATURE PRODUCTION,INTRACRATONIC,9450,CARBONIFEROUS,DOLOMITE,100.0,18.0,17.0,20.0
WARSAW,38.1838,-99.9569,COMPRESSION/EROSION,ONSHORE,OIL,NEARLY DEPLETED,FORELAND,4580,CARBONIFEROUS,DOLOMITE,50.0,12.0,15.0,35.0
SLIGO (PETTET),31.9486,-92.932,GRAVITY/EXTENSION/EVAPORITE/SYNSEDIMENTATION,ONSHORE,GAS-CONDENSATE,MATURE PRODUCTION,PASSIVE MARGIN,7790,CRETACEOUS,LIMESTONE,150.0,72.5,15.0,133.0
WILCOX (LOPENO SANDS),26.57,-99.15,GRAVITY/EXTENSION/SHALE,ONSHORE,GAS,DECLINING PRODUCTION,DELTA/PASSIVE MARGIN,9875,PALEOGENE,SANDSTONE,3000.0,650.0,16.0,0.6
MALAY II,8.0876,102.2849,STRIKE-SLIP/INVERSION/COMPRESSION/EXTENSION,OFFSHORE,GAS-CONDENSATE,PLATEAU PRODUCTION,WRENCH/INVERSION/BACKARC,3020,NEOGENE,SANDSTONE,3400.0,120.0,22.0,160.0
BEND CONGLOMERATE,33.1875,-97.9167,INVERSION/EXTENSION/COMPRESSION,ONSHORE,GAS,MATURE PRODUCTION,FORELAND,4500,CARBONIFEROUS,CONGLOMERATE,1100.0,73.0,10.0,3.0
CLEVELAND,36.27244,-100.33188,COMPRESSION/EROSION,ONSHORE,GAS,REJUVENATING,FORELAND,7325,CARBONIFEROUS,SHALY SANDSTONE,350.0,34.0,12.0,0.1
FENSFJORD,60.5868,3.0943,EXTENSION/EROSION,OFFSHORE,OIL,DECLINING PRODUCTION,RIFT,6348,JURASSIC,SANDSTONE,123.0,82.0,27.0,80.0
STATFJORD,60.5868,3.0943,EXTENSION,OFFSHORE,OIL,DECLINING PRODUCTION,RIFT,7096,TRIASSIC-JURASSIC,SANDSTONE,312.0,82.0,24.0,1500.0
COTTON VALLEY LIME,31.3593,-96.2189,GRAVITY/EXTENSION/EVAPORITE,ONSHORE,GAS,NEARLY DEPLETED,SALT/PASSIVE MARGIN,14810,JURASSIC,CHALKY LIMESTONE,375.0,200.0,25.0,5.0
TUBB,36.0049,-103.8177,COMPRESSION,ONSHORE,CARBON DIOXIDE,PLATEAU PRODUCTION,FORELAND,1960,PERMIAN,SANDSTONE,250.0,120.0,20.0,42.0
LATROBE (N1 UNIT),-38.5221,147.7981,,OFFSHORE,OIL,DECLINING PRODUCTION,INVERSION/RIFT,5760,PALEOGENE,SANDSTONE,98.0,52.0,,2900.0
DAKOTA SANDSTONE (LOWER MEMBER),40.9639,-110.3091,COMPRESSION/EROSION,ONSHORE,OIL,NEARLY DEPLETED,FORELAND,15460,CRETACEOUS,SANDSTONE,270.0,35.0,12.8,79.0
BRITANNIA SANDSTONE,58.0824,0.8413,EXTENSION,OFFSHORE,GAS-CONDENSATE,DECLINING PRODUCTION,RIFT,11350,CRETACEOUS,SANDSTONE,275.0,120.0,15.0,40.0
SARIR,28.8453,22.1197,,ONSHORE,OIL,DECLINING PRODUCTION,RIFT,13250,CRETACEOUS,SANDSTONE,800.0,490.0,,90.0
SHUAIBA,23.531,53.2953,COMPRESSION/EVAPORITE/EXTENSION/LINKED,ONSHORE,OIL,SECOND PLATEAU PRODUTION,SALT/FORELAND,7650,CRETACEOUS,LIMESTONE,420.0,290.0,23.0,20.0
ARAB D,25.4333,52.7,GRAVITY/EVAPORITE/COMPRESSION,OFFSHORE,OIL,DECLINING PRODUCTION,SALT/FORELAND,7270,JURASSIC,LIMESTONE,240.0,140.0,23.0,200.0
UWAINAT,25.4333,52.7,GRAVITY/EVAPORITE/COMPRESSION,OFFSHORE,OIL,UNKNOWN,SALT/FORELAND,8435,JURASSIC,LIMESTONE,180.0,140.0,14.0,25.0
TARAKAN-SANTUL-TABUL-BUNYU,3.4708,117.8625,INVERSION/COMPRESSION/EXTENSION/SHALE,ONSHORE,GAS,NEARLY DEPLETED,INVERSION/BACKARC,1115,NEOGENE,THINLY-BEDDED SANDSTONE,8200.0,390.0,25.0,1000.0
INTERLAKE,46.5782,-104.4303,,ONSHORE,OIL,NEARLY DEPLETED,INTRACRATONIC,8400,SILURIAN,DOLOMITE,400.0,70.0,,5.0
RED RIVER,46.5782,-104.4303,COMPRESSION,ONSHORE,OIL,NEARLY DEPLETED,INTRACRATONIC,8750,ORDOVICIAN,DOLOMITE,500.0,40.0,13.0,8.0
LANSING-KANSAS CITY,39.9739,-101.1508,COMPRESSION/EROSION,ONSHORE,OIL,MATURE PRODUCTION,FORELAND,4030,CARBONIFEROUS,LIMESTONE,265.0,14.0,15.0,10.0
GOMO (CANDEIAS),-12.6634,-38.5668,EXTENSION,ONSHORE,OIL,MATURE PRODUCTION,RIFT,2116,CRETACEOUS,CONGLOMERATE,1476.0,180.0,15.0,30.0
LOWER CARBONERA,6.943,-71.1397,STRIKE-SLIP/BASEMENT-I,ONSHORE,OIL,REJUVENATING,WRENCH/FORELAND,6950,PALEOGENE,SANDSTONE,235.0,126.0,24.0,1450.0
CARMOPOLIS (MURIBECA),-10.6588,-36.9488,EXTENSION/EVAPORITE/GRAVITY,ONSHORE,OIL,DECLINING PRODUCTION,PASSIVE MARGIN,1788,CRETACEOUS,CONGLOMERATE,380.0,350.0,15.0,60.0
CARDIUM (E POOL),51.9278,-114.5405,COMPRESSION,ONSHORE,OIL,NEARLY DEPLETED,FORELAND,7975,CRETACEOUS,SANDSTONE,300.0,7.0,11.0,20.0
SWAN HILLS (BEAVERHILL LAKE A),51.9278,-114.5405,COMPRESSION,ONSHORE,GAS-CONDENSATE,DECLINING PRODUCTION,FORELAND,11500,DEVONIAN,DOLOMITE,300.0,60.0,10.0,100.0
VIKING,51.9278,-114.5405,COMPRESSION/EROSION,ONSHORE,OIL,NEARLY DEPLETED,FORELAND,7600,CRETACEOUS,SANDSTONE,158.0,15.0,9.5,10.0
PICO,34.3408,-119.5309,COMPRESSION/STRIKE-SLIP/TRANSPRESSION/SHALE/BASEMENT-I,OFFSHORE,OIL,DECLINING PRODUCTION,THRUST/WRENCH,1835,NEOGENE,SANDSTONE,2000.0,350.0,28.0,550.0
CARDIUM (CARROT CREEK),53.4814,-115.7487,,ONSHORE,OIL,MATURE PRODUCTION,FORELAND,5200,CRETACEOUS,CONGLOMERATE,300.0,15.0,,15.0
COTTON VALLEY SANDSTONE,32.1988,-94.2574,GRAVITY/EXTENSION/EVAPORITE,ONSHORE,GAS,PLATEAU PRODUCTION,PASSIVE MARGIN,8200,JURASSIC,SANDSTONE,1500.0,150.0,7.0,0.04
LOWER PETTET (SLIGO),32.1988,-94.2574,GRAVITY/EXTENSION/EVAPORITE,ONSHORE,GAS,REJUVENATING,PASSIVE MARGIN,5852,CRETACEOUS,LIMESTONE,250.0,15.0,18.0,35.0
VIIVIAN,-12.1667,-72.75,COMPRESSION,ONSHORE,GAS-CONDENSATE,UNDEVELOPED,THRUST,6150,CRETACEOUS,SANDSTONE,245.0,210.0,13.0,1000.0
TENSLEEP,42.64,-106.84,COMPRESSION,ONSHORE,OIL,MATURE PRODUCTION,THRUST/FORELAND,2300,CARBONIFEROUS,SANDSTONE,300.0,120.0,21.0,650.0
LANCE-FORT UNION,42.98,-106.87,COMPRESSION,ONSHORE,GAS,DECLINING PRODUCTION,SUB-THRUST/FORELAND,4800,CRETACEOUS-PALEOGENE,SANDSTONE,4600.0,550.0,17.0,3.0
SERIE MARNEUSE,44.5407,-1.182,COMPRESSION/EROSION,ONSHORE,OIL,NEARLY DEPLETED,FORELAND/RIFT,7333,CRETACEOUS,SANDSTONE,200.0,66.0,18.0,200.0
LOWER NUTOVO (XIV),52.5467,143.4583,STRIKE-SLIP/TRANSPRESSION/BASEMENT-I,OFFSHORE,OIL,UNDEVELOPED,INVERSION/WRENCH,6122,NEOGENE,SANDSTONE,346.0,102.0,23.0,100.0
LOWER NUTOVO (XVI),52.5467,143.4583,STRIKE-SLIP/TRANSPRESSION/BASEMENT-I,OFFSHORE,GAS-CONDENSATE,UNDEVELOPED,INVERSION/WRENCH,6794,NEOGENE,SANDSTONE,290.0,148.0,23.0,100.0
SMACKOVER,33.0456,-93.0971,GRAVITY/EXTENSION/EVAPORITE/SYNSEDIMENTATION,ONSHORE,OIL,NEARLY DEPLETED,SALT/PASSIVE MARGIN,10040,JURASSIC,LIMESTONE,75.0,27.0,12.0,200.0
CHATEAURENARD,47.9903,2.9619,EXTENSION,ONSHORE,OIL,NEARLY DEPLETED,INTRACRATONIC,1860,CRETACEOUS,SANDSTONE,28.0,15.0,27.0,1000.0
GRISELLES,47.9903,2.9619,EXTENSION,ONSHORE,OIL,NEARLY DEPLETED,INTRACRATONIC,1975,CRETACEOUS,SANDSTONE,20.0,7.0,27.0,1000.0
CHAUNOY,48.5687,2.8034,EXTENSION,ONSHORE,OIL,NEARLY DEPLETED,INTRACRATONIC,7356,TRIASSIC,SANDSTONE,217.0,82.0,13.0,130.0
RED SERIES,39.58,53.13,COMPRESSION/EVAPORITE/EXTENSION/LINKED,ONSHORE-OFFSHORE,OIL,MATURE PRODUCTION,THRUST,1800,NEOGENE,SANDSTONE,7500.0,190.0,19.0,30.0
GUANTAO,38.173,118.8465,EXTENSION,OFFSHORE,OIL,PLATEAU PRODUCTION,RIFT,3940,NEOGENE,SANDSTONE,945.0,236.0,33.8,2529.0
CHINGUETTI,17.73,-17.59,EVAPORITE/INVERSION/COMPRESSION/EXTENSION,OFFSHORE,OIL,DEVELOPING,PASSIVE MARGIN,3900,NEOGENE,SANDSTONE,820.0,125.0,27.0,2000.0
TALANG AKAR (ZONE 3),-5.4397,106.2639,INVERSION/STRIKE-SLIP/TRANSPRESSION/EXTENSION/BASEMENT-I,OFFSHORE,OIL,MATURE PRODUCTION,INVERSION/BACKARC,2880,PALEOGENE,SANDSTONE,200.0,65.0,18.0,505.0
LEMAN SANDSTONE,53.4682,1.7338,INVERSION/COMPRESSION/EXTENSION/EVAPORITE/GRAVITY,OFFSHORE,GAS,DECLINING PRODUCTION,SUB-SALT/INVERSION,7420,PERMIAN,SANDSTONE,715.0,580.0,11.0,0.5
FULMAR,56.45,2.2833,GRAVITY/EVAPORITE/EXTENSION,OFFSHORE,OIL,NEARLY DEPLETED,SALT/RIFT,11787,JURASSIC,THINLY-BEDDED SANDSTONE,650.0,390.0,20.0,350.0
TEMBLOR,36.2674,-120.3659,COMPRESSION/STRIKE-SLIP/TRANSPRESSION/BASEMENT-I,ONSHORE,OIL,MATURE PRODUCTION,WRENCH/FOREARC,500,NEOGENE,SHALY SANDSTONE,700.0,190.0,34.0,850.0
BRENT,61.1286,1.1066,,OFFSHORE,OIL,NEARLY DEPLETED,RIFT,7700,JURASSIC,SANDSTONE,300.0,225.0,,500.0
PHOSPHORIA (ERVAY),44.039,-107.748,COMPRESSION/EROSION,ONSHORE,OIL,DECLINING PRODUCTION,FORELAND,4700,PERMIAN,DOLOMITE,65.0,21.0,8.0,0.5
UPPER MANNVILLE (YY POOL),50.6174,-112.2057,COMPRESSION/EROSION,ONSHORE,OIL,DECLINING PRODUCTION,FORELAND,3347,CRETACEOUS,SANDSTONE,62.5,18.0,26.0,2500.0
VIKING (A POOL),52.9506,-114.429,COMPRESSION/EROSION,ONSHORE,OIL,DECLINING PRODUCTION,FORELAND,5840,CRETACEOUS,SANDSTONE,32.0,30.0,10.5,200.0
DUNDEE,43.2827,-84.8716,STRIKE-SLIP/TRANSPRESSION,ONSHORE,OIL,NEARLY DEPLETED,INTRACRATONIC,3180,DEVONIAN,DOLOMITE,100.0,26.0,10.0,3.0
MIRADOR,5.0299,-72.6719,COMPRESSION/SHALE,ONSHORE,OIL,DECLINING PRODUCTION,THRUST/SUB-THRUST/FORELAND,13000,PALEOGENE,SANDSTONE,400.0,200.0,9.0,100.0
CUT BANK SANDSTONE,48.8208,-112.2007,,ONSHORE,OIL,NEARLY DEPLETED,FORELAND,2100,CRETACEOUS,SANDSTONE,47.0,16.0,,110.0
TULARE,35.3826,-119.708,COMPRESSION/STRIKE-SLIP/TRANSPRESSION/BASEMENT-I,ONSHORE,OIL,DECLINING PRODUCTION,WRENCH,1000,NEOGENE,SANDSTONE,600.0,200.0,35.0,3000.0
CHALK GROUP (TOR-EKOFISK),55.4696,5.13375,INVERSION/COMPRESSION/EXTENSION/EVAPORITE,OFFSHORE,OIL,PLATEAU PRODUCTION,SALT/INVERSION/RIFT,5560,CRETACEOUS-PALEOGENE,CHALK,500.0,160.0,28.0,1.75
SAERTU-PUTAOHUA-GAOTAIZI,46.7167,124.8333,INVERSION/COMPRESSION/EXTENSION,ONSHORE,OIL,DECLINING PRODUCTION,INVERSION/RIFT,2734,CRETACEOUS,THINLY-BEDDED SANDSTONE,600.0,100.0,26.0,1500.0
SHATLYK,36.4381,61.6544,,ONSHORE,GAS,PLATEAU PRODUCTION,INTRACRATONIC,9350,CRETACEOUS,SANDSTONE,66.0,46.0,,350.0
WAHA-DEFA,28.0781,19.915,EXTENSION/INVERSION,ONSHORE,OIL,UNKNOWN,RIFT,5193,CRETACEOUS-PALEOGENE,LIMESTONE,860.0,210.0,20.0,20.0
AGBADA (G2 SAND),5.6139,5.1018,GRAVITY/EXTENSION/SHALE,OFFSHORE,OIL,DECLINING PRODUCTION,DELTA/PASSIVE MARGIN,7985,NEOGENE,SANDSTONE,66.0,50.0,28.0,2000.0
AGBADA (G3 SAND),5.6139,5.1018,GRAVITY/EXTENSION/SHALE,OFFSHORE,OIL,DECLINING PRODUCTION,DELTA/PASSIVE MARGIN,8215,NEOGENE,SANDSTONE,130.0,90.0,26.5,2000.0
UNNAMED,36.4773,-109.1404,UPLIFT/BASEMENT-I,ONSHORE,OIL,NEARLY DEPLETED,INTRACRATONIC,2800,PALEOGENE,VOLCANICS,95.0,80.0,10.0,0.5
KYZYLTASH,36.6167,65.7,COMPRESSION/EVAPORITE,ONSHORE,GAS,REJUVENATING,INTRACRATONIC,6560,CRETACEOUS,SANDSTONE,450.0,89.0,23.0,214.0
RED SERIES,39.58,52.83,COMPRESSION/EVAPORITE/EXTENSION/LINKED,OFFSHORE,OIL,DEVELOPING,THRUST,7550,NEOGENE,SANDSTONE,10500.0,80.0,17.0,22.0
YINGGEHAI,18.6146,107.9364,TRANSTENSION/EXTENSION/SHALE/LINKED,OFFSHORE,GAS,DEVELOPING,WRENCH/RIFT,3717,NEOGENE,SANDSTONE,660.0,308.0,25.0,88.3
DRAKE POINT-INTREPID INLET,76.4462,-108.9172,COMPRESSION/EVAPORITE/EXTENSION/LINKED,ONSHORE,GAS,UNDEVELOPED,FORELAND,3390,JURASSIC,SANDSTONE,100.0,71.0,20.0,566.0
ROGN (VIKING),64.3656,7.7891,EXTENSION/EROSION,OFFSHORE,OIL,DECLINING PRODUCTION,PASSIVE MARGIN,4416,JURASSIC,SANDSTONE,100.0,66.0,20.0,6000.0
ARAB C,25.4211,50.7836,COMPRESSION/GRAVITY/EVAPORITE/EXTENSION/LINKED,ONSHORE,OIL,SECOND PLATEAU PRODUTION,SALT/FORELAND,5297,JURASSIC,LIMESTONE,84.0,15.0,18.0,30.0
ARAB D,25.4211,50.7836,COMPRESSION/GRAVITY/EVAPORITE/EXTENSION/LINKED,ONSHORE,OIL,SECOND PLATEAU PRODUTION,SALT/FORELAND,5439,JURASSIC,LIMESTONE,231.0,120.0,20.0,70.0
UWAINAT,25.4211,50.7836,COMPRESSION/GRAVITY/EVAPORITE/EXTENSION/LINKED,ONSHORE,OIL,UNKNOWN,SALT/FORELAND,6721,JURASSIC,LIMESTONE,120.0,75.0,18.0,15.0
GRAYBURG,31.5521,-102.4349,COMPRESSION,ONSHORE,OIL,DECLINING PRODUCTION,FORELAND,3300,PERMIAN,DOLOMITE,300.0,80.0,13.0,11.0
BEKASAP (KEDUA-PERTAMA SANDS),1.2956,101.2304,INVERSION/STRIKE-SLIP/TRANSPRESSION/EXTENSION/BASEMENT-I,ONSHORE,OIL,MATURE PRODUCTION,INVERSION/BACKARC,400,NEOGENE,SANDSTONE,280.0,150.0,34.0,1500.0
DURI (RINDU SAND),1.2956,101.2304,INVERSION/STRIKE-SLIP/TRANSPRESSION/EXTENSION/BASEMENT-I,ONSHORE,OIL,MATURE PRODUCTION,INVERSION/BACKARC,220,NEOGENE,SANDSTONE,120.0,52.0,32.0,1900.0
RED SERIES,39.47,52.73,COMPRESSION/EVAPORITE/EXTENSION/LINKED,OFFSHORE,OIL,DEVELOPING,THRUST,10100,NEOGENE,SANDSTONE,8200.0,260.0,18.0,100.0
RED FORK,35.5017,-98.8745,,ONSHORE,GAS-CONDENSATE,DECLINING PRODUCTION,FORELAND,11450,CARBONIFEROUS,SANDSTONE,200.0,120.0,,1.0
WABAMUN (A POOL),51.4001,-114.0265,COMPRESSION/EROSION,ONSHORE,GAS,MATURE PRODUCTION,FORELAND,7700,DEVONIAN,DOLOMITE,100.0,67.6,6.1,5.2
WOODBINE,32.1853,-94.9257,GRAVITY/EXTENSION/EVAPORITE,ONSHORE,OIL,DECLINING PRODUCTION,PASSIVE MARGIN,3500,CRETACEOUS,SANDSTONE,51.0,37.0,25.0,2098.0
TOR-EKOFISK,56.5357,3.1985,INVERSION/COMPRESSION/EXTENSION/EVAPORITE,OFFSHORE,OIL,SECOND PLATEAU PRODUTION,SALT/INVERSION/RIFT,9250,CRETACEOUS-PALEOGENE,CHALK,820.0,590.0,32.0,1.5
TOR-EKOFISK,56.5667,3.0847,INVERSION/COMPRESSION/EXTENSION/EVAPORITE,OFFSHORE,GAS-CONDENSATE,ABANDONED,SALT/INVERSION/RIFT,9870,CRETACEOUS-PALEOGENE,CHALK,650.0,360.0,30.0,1.5
KIRCHAOU,31.65,9.18,COMPRESSION/EXTENSION/EROSION/EVAPORITE,ONSHORE,OIL,DECLINING PRODUCTION,SUB-SALT,9022,TRIASSIC,SANDSTONE,353.0,190.0,17.0,500.0
ADMIRE 650 SAND,37.8526,-97.8984,INVERSION/COMPRESSION/EXTENSION/EROSION,ONSHORE,OIL,ABANDONED,FORELAND,500,PERMIAN,SANDSTONE,40.0,18.0,28.0,240.0
MERECURE (NARICUAL-LOS JABILLOS),9.6835,-63.4529,COMPRESSION,ONSHORE,OIL,PLATEAU PRODUCTION,THRUST,12750,PALEOGENE,SANDSTONE,1600.0,850.0,15.0,480.0
FULMAR,57.0,1.85,,OFFSHORE,GAS-CONDENSATE,DECLINING PRODUCTION,SALT/RIFT,17250,JURASSIC,SANDSTONE,980.0,755.0,,25.0
MADISON,44.9789,-108.855,COMPRESSION/EXTENSION/LINKED,ONSHORE,OIL,MATURE PRODUCTION,THRUST/FORELAND,4350,CARBONIFEROUS,DOLOMITE,780.0,205.0,12.0,7.0
TENSLEEP,44.9789,-108.855,COMPRESSION/EXTENSION/LINKED,ONSHORE,OIL,ABANDONED,THRUST/FORELAND,4000,CARBONIFEROUS,SANDSTONE,250.0,110.0,17.0,150.0
ORISKANY,38.6216,-81.6611,COMPRESSION/EROSION,ONSHORE,GAS,NEARLY DEPLETED,FORELAND,4850,DEVONIAN,SANDSTONE,35.0,11.0,8.0,27.5
MISSION CANYON (MADISON),47.2376,-103.5028,COMPRESSION,ONSHORE,OIL,DECLINING PRODUCTION,INTRACRATONIC,9125,CARBONIFEROUS,DOLOMITE,105.0,40.0,16.0,25.0
CLEVELAND,36.2724,-100.7161,COMPRESSION/EROSION,ONSHORE,GAS,DECLINING PRODUCTION,FORELAND,6500,CARBONIFEROUS,SHALY SANDSTONE,150.0,26.0,14.0,0.4
SAN ANDRES,32.127,-102.6353,COMPRESSION,ONSHORE,OIL,NEARLY DEPLETED,FORELAND,4185,PERMIAN,DOLOMITE,350.0,40.0,8.0,3.0
ABO,32.7677,-104.2507,COMPRESSION,ONSHORE,OIL,NEARLY DEPLETED,FORELAND,5600,PERMIAN,DOLOMITE,300.0,151.0,10.0,50.0
KEKIKTUK,70.3458,-148.0193,,OFFSHORE,OIL,DECLINING PRODUCTION,PASSIVE MARGIN,9484,CARBONIFEROUS,SANDSTONE,800.0,337.0,,1000.0
STAGE IVD (N SAND),6.353,115.67,STRIKE-SLIP/TRANSTENSION/GRAVITY/SHALE/EXTENSION/SYNSEDIMENTATION/BASEMENT-I,OFFSHORE,OIL,DECLINING PRODUCTION,WRENCH/BACKARC,6048,NEOGENE,SANDSTONE,550.0,140.0,20.0,140.0
HEATHER,57.0556,2.0694,INVERSION/COMPRESSION/EXTENSION,OFFSHORE,GAS-CONDENSATE,DECLINING PRODUCTION,RIFT,14900,JURASSIC,SANDSTONE,60.0,50.0,20.0,18.0
PENTLAND,57.0556,2.0694,INVERSION/COMPRESSION/EXTENSION,OFFSHORE,GAS-CONDENSATE,DECLINING PRODUCTION,RIFT,14700,JURASSIC,SANDSTONE,500.0,150.0,16.0,10.0
PUFFIN (ERSKINE SANDSTONE),57.0556,2.0694,INVERSION/COMPRESSION/EXTENSION,OFFSHORE,GAS-CONDENSATE,DECLINING PRODUCTION,RIFT,14700,JURASSIC,SHALY SANDSTONE,220.0,210.0,23.0,10.0
GAMBA,-3.7656,10.5213,EXTENSION/EROSION/GRAVITY/EVAPORITE,OFFSHORE,OIL,DEVELOPING,SUB-SALT/RIFT,5590,CRETACEOUS,SANDSTONE,47.0,36.0,30.0,1550.0
LENTICULINA 1-TRIMOSINA A,28.2356,-91.7095,,OFFSHORE,OIL,DECLINING PRODUCTION,DELTA/SALT/PASSIVE MARGIN,3860,NEOGENE,LOW-RESISTIVITY SANDSTONE,6500.0,200.0,,700.0
FORTIES,57.75,1.81,EXTENSION/EVAPORITE/GRAVITY,OFFSHORE,GAS-CONDENSATE,DECLINING PRODUCTION,RIFT,8008,PALEOGENE,SANDSTONE,85.0,50.0,22.0,27.0
JAMES LIMESTONE,32.1068,-95.5215,GRAVITY/EXTENSION/EVAPORITE/DIAPIR,ONSHORE,OIL,NEARLY DEPLETED,SALT/PASSIVE MARGIN,10000,CRETACEOUS,LIMESTONE,150.0,70.0,11.0,25.0
LATROBE (T1.1 UNIT),-38.33,148.417,INVERSION/COMPRESSION/EXTENSION/EROSION,OFFSHORE,OIL,DECLINING PRODUCTION,INVERSION/RIFT,7677,CRETACEOUS,SANDSTONE,138.0,125.0,20.0,1200.0
BELL CANYON,31.92,-104.0,COMPRESSION,ONSHORE,OIL,NEARLY DEPLETED,FORELAND,2650,PERMIAN,SANDSTONE,47.0,25.0,21.0,18.0
FULMAR,56.9667,1.8667,INVERSION/COMPRESSION/EXTENSION/EVAPORITE,OFFSHORE,GAS-CONDENSATE,PLATEAU PRODUCTION,SALT/RIFT,16360,JURASSIC,SANDSTONE,980.0,490.0,16.0,10.0
FRIO,29.5608,-95.1893,,ONSHORE,OIL,NEARLY DEPLETED,DELTA/SALT/PASSIVE MARGIN,5515,PALEOGENE,SANDSTONE,680.0,390.0,,2350.0
WICHITA-CLEARFORK,32.388,-102.803,COMPRESSION,ONSHORE,OIL,NEARLY DEPLETED,FORELAND,6700,PERMIAN,DOLOMITE,2000.0,150.0,10.0,3.0
FUYU (QUANTOU),45.1999,124.8167,INVERSION/COMPRESSION/EXTENSION,ONSHORE,OIL,DECLINING PRODUCTION,INVERSION/RIFT,1030,CRETACEOUS,SANDSTONE,260.0,33.0,24.0,182.0
RED SERIES (HK-1 TO HK-5),36.4333,54.0,COMPRESSION/SHALE/REACTIVATION/BASEMENT-I,ONSHORE,OIL,DECLINING PRODUCTION,FORELAND/THRUST,9088,NEOGENE,SANDSTONE,1800.0,160.0,20.0,125.0
MACAE (QUISSAMA),-22.379,-40.4117,GRAVITY/EXTENSION/EVAPORITE,OFFSHORE,OIL,MATURE PRODUCTION,SALT/PASSIVE MARGIN,9967,CRETACEOUS,LIMESTONE,427.0,160.0,19.0,175.0
CARDIUM (A SAND),51.7349,-114.0274,COMPRESSION,ONSHORE,OIL,NEARLY DEPLETED,FORELAND,5400,CRETACEOUS,SANDSTONE,300.0,2.12,12.0,7.0
CARDIUM (B SAND),51.7349,-114.0274,COMPRESSION,ONSHORE,OIL,NEARLY DEPLETED,FORELAND,5500,CRETACEOUS,SANDSTONE,300.0,3.06,13.3,43.2
LOWER GANCHAIGOU,38.1,90.87,COMPRESSION,ONSHORE,OIL,PLATEAU PRODUCTION,THRUST,10427,PALEOGENE,SANDSTONE,804.0,93.0,14.0,48.0
UPPER GANCHAIGOU-LOWER YOUSHAS,38.1,90.87,COMPRESSION,ONSHORE,OIL,PLATEAU PRODUCTION,THRUST,4199,NEOGENE,SANDSTONE,3281.0,81.0,19.0,102.0
N1-N3,27.7656,-90.72,GRAVITY/EXTENSION/EVAPORITE/DIAPIR/SYNSEDIMENTATION,OFFSHORE,OIL,PLATEAU PRODUCTION,DELTA/SALT/PASSIVE MARGIN,8620,NEOGENE,SANDSTONE,400.0,250.0,32.0,800.0
HUTTON,-28.0,140.0,INVERSION/COMPRESSION/EXTENSION,ONSHORE,OIL,PLATEAU PRODUCTION,INTRACRATONIC,5392,JURASSIC,SANDSTONE,600.0,50.0,18.0,1000.0
MALEMBO (B SAND SYSTEM),-7.6714,11.7025,,OFFSHORE,OIL,DEVELOPING,SALT/PASSIVE MARGIN,3470,PALEOGENE,SANDSTONE,790.0,300.0,,4200.0
MISSION CANYON (FROBISHER-ALIDA),48.5237,-101.1809,COMPRESSION,ONSHORE,OIL,MATURE PRODUCTION,INTRACRATONIC,4840,CARBONIFEROUS,LIMESTONE,100.0,10.0,17.0,24.0
LEDUC,53.4193,-113.8877,COMPRESSION,ONSHORE,OIL,NEARLY DEPLETED,FORELAND,5350,DEVONIAN,LIMESTONE,646.0,480.0,10.0,50.0
MUNGAROO,-20.5787,114.7728,INVERSION/COMPRESSION/EXTENSION/EROSION,OFFSHORE,GAS,UNDEVELOPED,RIFT/PASSIVE MARGIN,10300,TRIASSIC,SANDSTONE,2300.0,260.0,16.0,700.0
RED SERIES,39.66,53.77,COMPRESSION/EVAPORITE/EXTENSION/LINKED,ONSHORE,OIL,MATURE PRODUCTION,THRUST,5200,NEOGENE,SANDSTONE,7500.0,800.0,23.0,100.0
WARA-BURGAN,28.9167,47.9333,COMPRESSION/EVAPORITE,ONSHORE,OIL,REJUVENATING,FORELAND/SALT,3550,CRETACEOUS,LOW-RESISTIVITY SANDSTONE,1350.0,900.0,24.0,1000.0
BIRDRONG,-21.2356,114.62,INVERSION/COMPRESSION/EXTENSION,OFFSHORE,OIL,DEVELOPING,RIFT,8100,CRETACEOUS,SANDSTONE,115.0,40.0,15.0,30.0
ZEEPAARD,-21.2356,114.62,,OFFSHORE,OIL,DECLINING PRODUCTION,RIFT,8200,CRETACEOUS,SANDSTONE,427.0,295.0,,1300.0
SHAHEJIE (SHA-4),37.4167,118.7499,EXTENSION,ONSHORE,OIL,MATURE PRODUCTION,RIFT,8077,PALEOGENE,SILTSTONE,300.0,41.0,24.0,681.0
GUANTAO,37.8667,118.7499,EXTENSION,ONSHORE,OIL,DECLINING PRODUCTION,RIFT,3686,NEOGENE,SANDSTONE,790.0,88.0,33.0,1500.0
BRENT,61.1797,2.2121,EXTENSION/EROSION,OFFSHORE,OIL,DECLINING PRODUCTION,RIFT,5040,JURASSIC,SANDSTONE,980.0,525.0,30.0,1000.0
STATFJORD,61.1797,2.2121,EXTENSION/EROSION,OFFSHORE,OIL,DECLINING PRODUCTION,RIFT,5520,TRIASSIC-JURASSIC,SANDSTONE,630.0,394.0,26.0,1000.0
ASMARI,31.4333,49.55,,ONSHORE,OIL,MATURE PRODUCTION,FORELAND,2801,PALEOGENE-NEOGENE,DOLOMITIC LIMESTONE,884.0,675.0,,1.0
LATROBE (M1 UNIT),-38.3989,148.3164,INVERSION/COMPRESSION/EXTENSION/EROSION,OFFSHORE,OIL,MATURE PRODUCTION,INVERSION/RIFT,7175,PALEOGENE,SANDSTONE,505.0,120.0,20.0,1600.0
BALIKPAPAN,-0.8425,117.2786,INVERSION/COMPRESSION/EXTENSION/SHALE,OFFSHORE,OIL,DECLINING PRODUCTION,INVERSION/BACKARC,680,NEOGENE,SANDSTONE,12500.0,1300.0,18.0,200.0
TURNER VALLEY (RUNDLE POOL),51.7569,-114.4351,,ONSHORE,GAS-CONDENSATE,MATURE PRODUCTION,FORELAND,8250,CARBONIFEROUS,DOLOMITE,120.0,38.0,,20.0
TURNER VALLEY (RUNDLE C POOL),51.6624,-114.429,COMPRESSION/EROSION,ONSHORE,GAS-CONDENSATE,MATURE PRODUCTION,FORELAND,8750,CARBONIFEROUS,DOLOMITE,140.0,70.0,12.0,125.0
SHANNON,43.9224,-105.9864,,ONSHORE,OIL,NEARLY DEPLETED,FORELAND,9000,CRETACEOUS,LOW-RESISTIVITY SANDSTONE,70.0,20.0,,12.0
NORPHLET,30.8976,-88.066,GRAVITY/EXTENSION/EVAPORITE/DIAPIR/SYNSEDIMENTATION,ONSHORE,GAS-CONDENSATE,DECLINING PRODUCTION,SALT/PASSIVE MARGIN,18050,JURASSIC,SANDSTONE,350.0,200.0,10.4,0.5
UPPER MINNELUSA (B SAND),44.0263,-105.5474,COMPRESSION,ONSHORE,OIL,NEARLY DEPLETED,FORELAND,11290,PERMIAN,SANDSTONE,140.0,30.0,13.0,30.0
WOODBINE,32.6351,-95.2209,GRAVITY/EXTENSION/EVAPORITE,ONSHORE,OIL,NEARLY DEPLETED,SALT/PASSIVE MARGIN,3770,CRETACEOUS,SANDSTONE,525.0,300.0,27.0,3400.0
BRENT,60.95,0.8833,EXTENSION,OFFSHORE,OIL,MATURE PRODUCTION,RIFT,8981,JURASSIC,SANDSTONE,210.0,113.0,10.0,20.0
BASSEIN (ZONE B),18.172,72.313,EXTENSION,OFFSHORE,OIL,DECLINING PRODUCTION,PASSIVE MARGIN,4542,PALEOGENE,LIMESTONE,230.0,82.0,12.0,0.8
FANGST,65.3378,7.3096,EXTENSION/EROSION,OFFSHORE,OIL,PLATEAU PRODUCTION,RIFT,5692,JURASSIC,SANDSTONE,230.0,207.0,28.0,1450.0
DAKOTA SANDSTONE,41.1334,-110.1768,COMPRESSION/EROSION,ONSHORE,GAS-CONDENSATE,DECLINING PRODUCTION,FORELAND,13665,CRETACEOUS,SANDSTONE,350.0,19.0,14.0,43.4
AVALON,46.7495,-48.7822,EXTENSION/EVAPORITE/EROSION/GRAVITY,OFFSHORE,OIL,DEVELOPING,RIFT/SALT,6627,CRETACEOUS,SANDSTONE,1180.0,115.0,20.0,220.0
HIBERNIA,46.7495,-48.7822,EXTENSION/EVAPORITE/EROSION/GRAVITY,OFFSHORE,OIL,PLATEAU PRODUCTION,RIFT/SALT,10890,CRETACEOUS,SANDSTONE,650.0,128.0,16.0,700.0
IMBURU-TORO,-6.0136,142.8409,COMPRESSION,ONSHORE,GAS-CONDENSATE,CONTINUING DEVELOPMENT,THRUST,9905,JURASSIC-CRETACEOUS,SANDSTONE,490.0,240.0,10.0,100.0
GLAUCONITE,52.8481,-114.187,COMPRESSION/EROSION,ONSHORE,GAS-CONDENSATE,CONTINUING DEVELOPMENT,FORELAND,4900,CRETACEOUS,SANDSTONE,80.0,35.0,11.0,5.0
SUSSEX,43.7456,-105.5703,COMPRESSION,ONSHORE,OIL,DECLINING PRODUCTION,FORELAND,7863,CRETACEOUS,SANDSTONE,40.0,15.0,13.0,20.0
SHAHEJIE,41.0249,121.7667,EXTENSION,ONSHORE,OIL,DECLINING PRODUCTION,RIFT,2310,PALEOGENE,SANDSTONE,525.0,127.0,25.0,1400.0
CHASE (HUGOTON),37.0386,-101.0039,COMPRESSION/EROSION,ONSHORE,GAS,DECLINING PRODUCTION,FORELAND,1700,PERMIAN,DOLOMITE,240.0,45.0,14.0,5.0
BOLSA ZONE,33.6998,-118.0335,STRIKE-SLIP/TRANSPRESSION/BASEMENT-I,ONSHORE-OFFSHORE,OIL,NEARLY DEPLETED,WRENCH,1726,NEOGENE,THINLY-BEDDED SANDSTONE,660.0,152.0,34.0,2300.0
JONES ZONE,33.6998,-118.0335,STRIKE-SLIP/TRANSPRESSION/BASEMENT-I,ONSHORE-OFFSHORE,OIL,NEARLY DEPLETED,WRENCH,2326,NEOGENE,THINLY-BEDDED SANDSTONE,700.0,375.0,28.0,400.0
BRENT,61.1,1.3167,EXTENSION/EROSION,OFFSHORE,OIL,ABANDONED,RIFT,10525,JURASSIC,SANDSTONE,410.0,180.0,18.0,100.0
TORO,-6.4347,143.2116,COMPRESSION,ONSHORE,OIL,DECLINING PRODUCTION,THRUST,5084,CRETACEOUS,SANDSTONE,328.0,300.0,13.0,600.0
SHUAIBA,25.5,52.4,GRAVITY/EVAPORITE/COMPRESSION,OFFSHORE,OIL,MATURE PRODUCTION,SALT/FORELAND,4381,CRETACEOUS,CHALKY LIMESTONE,328.0,256.0,25.0,3.0
LEMAN SANDSTONE,53.3932,2.5239,INVERSION/COMPRESSION/EXTENSION/EVAPORITE/GRAVITY,OFFSHORE,GAS,NEARLY DEPLETED,SUB-SALT/INVERSION,7400,PERMIAN,SANDSTONE,200.0,197.0,15.0,30.0
COOK,32.08,-100.6289,,ONSHORE,OIL,NEARLY DEPLETED,FORELAND,5700,PERMIAN,THINLY-BEDDED SANDSTONE,150.0,35.0,,35.0
SMACKOVER,30.9557,-87.1783,GRAVITY/EXTENSION/EVAPORITE/SYNSEDIMENTATION,ONSHORE,OIL,NEARLY DEPLETED,SUB-SALT/PASSIVE MARGIN,15295,JURASSIC,DOLOMITE,350.0,100.0,14.0,35.0
MAJIAGOU-5,37.6667,108.8333,COMPRESSION/EROSION,ONSHORE,GAS,DEVELOPING,FORELAND,9800,ORDOVICIAN,DOLOMITE,150.0,47.0,5.6,3.0
VIKING,52.283,-113.5543,COMPRESSION,ONSHORE,OIL,NEARLY DEPLETED,FORELAND,4921,CRETACEOUS,SANDSTONE,115.0,10.0,13.2,190.0
GG-KS SANDS,27.7672,-91.516,,OFFSHORE,OIL,DECLINING PRODUCTION,SUB-THRUST/DELTA/SALT,4240,NEOGENE,SANDSTONE,3700.0,277.0,,288.0
LANCE,42.4113,-109.6876,,ONSHORE,GAS,PLATEAU PRODUCTION,FORELAND,7600,CRETACEOUS,SANDSTONE,3500.0,420.0,,0.1
SWAN HILLS (JUDY CREEK A POOL),54.4995,-115.4904,COMPRESSION,ONSHORE,OIL,MATURE PRODUCTION,FORELAND,8540,DEVONIAN,LIMESTONE,230.0,60.0,9.0,45.0
LOWER RUDEIS,28.2499,33.2499,,OFFSHORE,OIL,MATURE PRODUCTION,SUB-SALT/RIFT,7815,NEOGENE,SANDSTONE,900.0,518.0,,160.0
NUBIA C,28.2499,33.2499,EXTENSION,OFFSHORE,OIL,MATURE PRODUCTION,RIFT,9350,CAMBRIAN-ORDOVICIAN/CARBONIFEROUS,SANDSTONE,1500.0,679.0,20.0,50.0
TURNER VALLEY,51.1425,-114.5786,COMPRESSION,ONSHORE,GAS,NEARLY DEPLETED,SUB-THRUST/FORELAND,8100,CARBONIFEROUS,DOLOMITE,250.0,140.0,8.3,4.0
TURNER VALLEY,51.1952,-114.8046,COMPRESSION/SHALE,ONSHORE,GAS,DECLINING PRODUCTION,SUB-THRUST/FORELAND,9870,CARBONIFEROUS,DOLOMITE,800.0,118.0,6.3,3.15
KALOL,23.43,72.28,INVERSION/COMPRESSION/EXTENSION,ONSHORE,OIL,REJUVENATING,RIFT/INVERSION,3136,PALEOGENE,SANDSTONE,492.0,21.0,30.0,4000.0
UNNAMED,51.3158,53.26,COMPRESSION/EVAPORITE,ONSHORE,GAS-CONDENSATE,REJUVENATING,SUB-SALT/FORELAND,11870,DEVONIAN-PERMIAN,LIMESTONE,6600.0,2600.0,10.0,8.0
UNITS A-E,45.1,51.5833,COMPRESSION/STRIKE-SLIP/TRANSPRESSION/BASEMENT-I,ONSHORE,OIL,REJUVENATING,WRENCH/THRUST,758,CRETACEOUS,SANDSTONE,135.0,59.0,28.0,240.0
KAIS,-1.3253,131.0392,COMPRESSION/STRIKE-SLIP/BASEMENT-I,ONSHORE,OIL,NEARLY DEPLETED,FORELAND/WRENCH,3044,NEOGENE,LIMESTONE,561.0,123.0,21.0,38.0
PRETTY HILL (SANDSTONE),-37.4556,140.7789,INVERSION/COMPRESSION/EXTENSION,ONSHORE,GAS,PLATEAU PRODUCTION,RIFT,9286,CRETACEOUS,SANDSTONE,221.0,62.0,14.5,8.6
YEGUA,29.8443,-95.8638,GRAVITY/EXTENSION/EVAPORITE,ONSHORE,GAS-CONDENSATE,NEARLY DEPLETED,DELTA/SALT/PASSIVE MARGIN,6270,PALEOGENE,SANDSTONE,1350.0,335.0,28.0,275.0
SWAN HILLS,54.5507,-116.782,COMPRESSION,ONSHORE,OIL,NEARLY DEPLETED,FORELAND,9530,DEVONIAN,LIMESTONE,257.0,56.0,7.4,24.0
BASHJICHK,42.1255,82.5255,,ONSHORE,GAS,UNDEVELOPED,SUB-SALT/SUB-THRUST,11420,CRETACEOUS,SANDSTONE,950.0,660.0,,515.0
KELAMAYI,45.5417,84.8917,COMPRESSION/EROSION,ONSHORE,OIL,DECLINING PRODUCTION,THRUST,6100,TRIASSIC,CONGLOMERATE,750.0,43.0,18.0,279.0
HUECO,32.8909,-103.6007,COMPRESSION,ONSHORE,OIL,NEARLY DEPLETED,FORELAND,10500,PERMIAN,LIMESTONE,120.0,60.0,9.0,9.0
LOWER GABUS,4.9,106.0,INVERSION/COMPRESSION/EXTENSION,OFFSHORE,OIL,MATURE PRODUCTION,INVERSION/RIFT,2350,PALEOGENE,SANDSTONE,1500.0,31.0,21.0,85.0
GABUS-KERAS-BARAT-PASIR-ARANG,4.9977,106.0342,INVERSION/COMPRESSION/EXTENSION,OFFSHORE,OIL,MATURE PRODUCTION,INVERSION/RIFT,2600,PALEOGENE-NEOGENE,SANDSTONE,5800.0,188.0,23.0,180.0
BURGAN,28.5333,48.9167,COMPRESSION/EVAPORITE/EXTENSION/LINKED,OFFSHORE,OIL,REJUVENATING,FORELAND/SALT,4725,CRETACEOUS,SANDSTONE,650.0,329.0,28.0,4500.0
RATAWI LIMESTONE,28.5333,48.9167,INVERSION/COMPRESSION/EVAPORITE/EROSION,OFFSHORE,OIL,UNKNOWN,FORELAND/SALT,6825,CRETACEOUS,LIMESTONE,550.0,173.0,22.0,17.0
LOWER BAHARIYA,30.8196,26.7429,EXTENSION,ONSHORE,OIL,DECLINING PRODUCTION,PASSIVE MARGIN/RIFT,5850,CRETACEOUS,LOW-RESISTIVITY SANDSTONE,100.0,35.0,20.5,70.0
STAGES IVD-IVF (KINABALU MAIN),5.4296,114.6992,GRAVITY/SHALE/EXTENSION/SYNSEDIMENTATION,OFFSHORE,OIL,DECLINING PRODUCTION,DELTA//FORELAND,5070,NEOGENE,SANDSTONE,5350.0,1466.0,22.0,280.0
MUDDY,44.3344,-105.6783,COMPRESSION,ONSHORE,OIL,NEARLY DEPLETED,FORELAND,8650,CRETACEOUS,SHALY SANDSTONE,80.0,12.0,10.0,15.0
BOBRIKOV B2,50.3333,44.6375,COMPRESSION/EVAPORITE,ONSHORE,OIL,NEARLY DEPLETED,FORELAND,5800,CARBONIFEROUS,SANDSTONE,66.0,33.0,20.0,460.0
MAIN CARBONATE COMPLEX,50.3333,44.6375,COMPRESSION/EVAPORITE,ONSHORE,GAS,NEARLY DEPLETED,FORELAND,4400,CARBONIFEROUS,LIMESTONE,390.0,110.0,5.4,200.0
NUMEROUS,46.2175,53.5381,COMPRESSION/EVAPORITE,ONSHORE,OIL,DEVELOPING,SUB-SALT/FORELAND,12746,CARBONIFEROUS-PERMIAN,LIMESTONE,3500.0,1500.0,6.0,6.0
UNNAMED,46.2175,53.5381,,ONSHORE,OIL,UNDEVELOPED,SALT/FORELAND,1716,CRETACEOUS,SANDSTONE,72.0,26.0,,48.0
BEKASAP (A SAND),0.687,101.1053,INVERSION/STRIKE-SLIP/TRANSPRESSION/EXTENSION/BASEMENT-I,ONSHORE,OIL,DECLINING PRODUCTION,INVERSION/BACKARC,4150,NEOGENE,SANDSTONE,350.0,200.0,17.0,393.0
PARFENOV,55.4167,106.0,COMPRESSION/EVAPORITE,ONSHORE,GAS,UNDEVELOPED,INTRACRATONIC,4000,PROTEROZOIC,SANDSTONE,200.0,49.0,16.0,5.0
A3,52.8381,51.2136,COMPRESSION/EVAPORITE,ONSHORE,OIL,NEARLY DEPLETED,FORELAND,5266,CARBONIFEROUS,SANDSTONE,70.0,46.0,20.0,177.0
A4,52.8381,51.2136,COMPRESSION/EVAPORITE,ONSHORE,OIL,NEARLY DEPLETED,FORELAND,5381,CARBONIFEROUS,LIMESTONE,330.0,75.0,18.0,195.0
KUPARUK RIVER (UNIT C),70.34,-149.5375,COMPRESSION/EXTENSION/EROSION,ONSHORE,OIL,DECLINING PRODUCTION,FORELAND,5620,CRETACEOUS,LOW-RESISTIVITY SANDSTONE,35.0,20.0,24.0,138.0
WOODBINE-EAGLEFORD,30.786,-96.4318,GRAVITY/EXTENSION/EVAPORITE,ONSHORE,OIL,DECLINING PRODUCTION,PASSIVE MARGIN,7940,CRETACEOUS,SANDSTONE,300.0,24.0,9.3,0.55
LAGOA PARDA (URUCUTUCA),-19.6017,-39.8332,EXTENSION,ONSHORE,OIL,NEARLY DEPLETED,PASSIVE MARGIN,4843,PALEOGENE,SANDSTONE,2133.0,72.0,23.0,350.0
WILCOX (G SAND),30.2546,-95.5906,GRAVITY/EXTENSION/SHALE/SYNSEDIMENTATION,ONSHORE,GAS,DECLINING PRODUCTION,DELTA/SALT/PASSIVE MARGIN,11487,PALEOGENE,SANDSTONE,290.0,70.0,11.0,0.44
COGOLLO,10.0131,-71.5985,,OFFSHORE,OIL,DECLINING PRODUCTION,WRENCH/FORELAND,12400,CRETACEOUS,LIMESTONE,1200.0,200.0,,0.1
SANTA BARBARA,10.0131,-71.5985,STRIKE-SLIP/BASEMENT-I,OFFSHORE,OIL,DECLINING PRODUCTION,WRENCH/FORELAND,7000,NEOGENE,SANDSTONE,60.0,33.0,25.0,400.0
KALOL,23.568,72.137,INVERSION/COMPRESSION/EXTENSION,ONSHORE,OIL,DECLINING PRODUCTION,RIFT,2873,PALEOGENE,SANDSTONE,148.0,33.0,30.0,5000.0
BAIYANGHE (GANYOUQUAN K SAND),39.7658,97.5663,COMPRESSION/EROSION/EXTENSION/LINKED,ONSHORE,OIL,NEARLY DEPLETED,THRUST,335,PALEOGENE,SANDSTONE,210.0,43.0,21.0,237.0
BAIYANGHE (JIANQUANZI L SAND),39.7658,97.5663,COMPRESSION/EROSION/EXTENSION/LINKED,ONSHORE,OIL,NEARLY DEPLETED,THRUST,1362,PALEOGENE,SANDSTONE,180.0,39.0,23.0,619.0
BAIYANGHE (JIANQUANZI M SAND),39.7658,97.5663,COMPRESSION/EROSION/EXTENSION/LINKED,ONSHORE,OIL,MATURE PRODUCTION,THRUST,1532,PALEOGENE,SANDSTONE,210.0,82.0,17.8,24.0
LEADVILLE (REDWALL),38.1983,-109.2767,GRAVITY/EVAPORITE/COMPRESSION/EXTENSION,ONSHORE,OIL,NEARLY DEPLETED,INTRACRATONIC/SUB-SALT,7290,CARBONIFEROUS,DOLOMITE,430.0,225.0,5.5,22.0
WAHOO (LISBURNE),70.2425,-148.3955,,ONSHORE,OIL,MATURE PRODUCTION,FORELAND,8400,CARBONIFEROUS,LIMESTONE,700.0,100.0,,1.0
GLAUCONITE (G-U-W POOLS),50.1951,-112.6507,COMPRESSION,ONSHORE,OIL,DECLINING PRODUCTION,FORELAND,3740,CRETACEOUS,SANDSTONE,66.0,20.0,22.0,800.0
LOWER TUSCALOOSA,31.3576,-90.3754,,ONSHORE,OIL,REJUVENATING,PASSIVE MARGIN,10420,CRETACEOUS,SANDSTONE,40.0,30.0,,100.0
MISSION CANYON (MADISON),47.2895,-103.0985,COMPRESSION,ONSHORE,OIL,DECLINING PRODUCTION,INTRACRATONIC,9673,CARBONIFEROUS,DOLOMITE,465.0,24.0,14.0,30.0
PHOSPHORIA (ERVAY),43.8,-108.3,COMPRESSION/EXTENSION/LINKED,ONSHORE,OIL,MATURE PRODUCTION,FORELAND,5880,PERMIAN,DOLOMITE,100.0,65.0,15.0,2.6
WUMISHAN,38.2892,116.0,EXTENSION,ONSHORE,OIL,NEARLY DEPLETED,RIFT,10531,PROTEROZOIC,DOLOMITE,781.0,381.0,3.2,5.45
ZHUJIANG,20.8219,115.6985,EXTENSION,OFFSHORE,OIL,DECLINING PRODUCTION,PASSIVE MARGIN,2825,NEOGENE,LIMESTONE,1562.0,131.0,25.0,651.0
SPARKY,53.2642,-110.0276,COMPRESSION/EROSION,ONSHORE,OIL,PLATEAU PRODUCTION,FORELAND,1900,CRETACEOUS,SANDSTONE,58.0,33.0,30.0,2000.0
WASECA,53.2642,-110.0276,COMPRESSION/EROSION,ONSHORE,OIL,PLATEAU PRODUCTION,FORELAND,1900,CRETACEOUS,SANDSTONE,90.0,50.0,34.0,2000.0
BULMINELLA 1 SAND,28.101,-90.2021,GRAVITY/EXTENSION/EVAPORITE/DIAPIR/SYNSEDIMENTATION,OFFSHORE,OIL,DECLINING PRODUCTION,DELTA/SALT/PASSIVE MARGIN,8075,NEOGENE,SANDSTONE,460.0,150.0,24.0,900.0
WILCOX (1ST WILCOX SAND),30.5218,-90.9141,GRAVITY/EXTENSION/EVAPORITE/SYNSEDIMENTATION,ONSHORE,OIL,MATURE PRODUCTION,DELTA/PASSIVE MARGIN,10082,PALEOGENE,SANDSTONE,135.0,26.0,20.0,35.0
TENSLEEP,42.2392,-107.5587,,ONSHORE,OIL,NEARLY DEPLETED,THRUST,3800,CARBONIFEROUS,SANDSTONE,600.0,210.0,,31.0
DAKOTA SANDSTONE (LOWER MEMBER),41.0204,-110.2755,COMPRESSION/EROSION,ONSHORE,OIL,MATURE PRODUCTION,FORELAND,13250,CRETACEOUS,SANDSTONE,250.0,23.0,14.0,60.0
TYUMEN-NAUNAK,58.1,78.5167,COMPRESSION,ONSHORE,OIL,REJUVENATING,INTRACRATONIC,7610,JURASSIC,SANDSTONE,300.0,200.0,17.0,20.0
SAN ANDRES,32.226,-102.23,COMPRESSION,ONSHORE,OIL,MATURE PRODUCTION,FORELAND,4680,PERMIAN,DOLOMITE,400.0,50.0,10.5,8.0
LATROBE (L1 UNIT),-38.4822,148.3556,,OFFSHORE,OIL,NEARLY DEPLETED,INVERSION/RIFT,7235,PALEOGENE,SANDSTONE,360.0,298.0,,800.0
O-Q SANDS,28.04,-90.96,GRAVITY/EXTENSION/EVAPORITE/SYNSEDIMENTATION,OFFSHORE,OIL,DECLINING PRODUCTION,DELTA/SUB-SALT/PASSIVE MARGIN,13265,NEOGENE,LOW-RESISTIVITY SANDSTONE,1500.0,295.0,29.0,1500.0
YANAN,36.22,107.62,COMPRESSION,ONSHORE,OIL,DECLINING PRODUCTION,FORELAND,3776,JURASSIC,SANDSTONE,984.0,24.0,16.0,72.0
ILAM,30.8833,48.8333,COMPRESSION/EVAPORITE,ONSHORE,OIL,CONTINUING DEVELOPMENT,FORELAND,10211,CRETACEOUS,CHALKY LIMESTONE,328.0,213.0,13.0,0.8
SARVAK 1,30.8833,48.8333,COMPRESSION/EVAPORITE,ONSHORE,OIL,CONTINUING DEVELOPMENT,FORELAND,10703,CRETACEOUS,CHALKY LIMESTONE,820.0,928.0,9.0,0.2
PARFENOV,57.4375,107.3058,COMPRESSION/EVAPORITE,ONSHORE,GAS-CONDENSATE,DEVELOPING,RIFT/SALT,8596,PROTEROZOIC,SANDSTONE,172.0,25.0,9.0,152.0
CARAPEBUS,-22.4348,-40.0666,GRAVITY/EXTENSION/EVAPORITE,OFFSHORE,OIL,PLATEAU PRODUCTION,SALT/PASSIVE MARGIN,5543,PALEOGENE-NEOGENE,SANDSTONE,150.0,150.0,28.5,2000.0
KYZYLSYR,63.75,124.0,TRANSPRESSION/UPLIFT,ONSHORE,GAS,DECLINING PRODUCTION,PASSIVE MARGIN,5627,JURASSIC,SANDSTONE,900.0,23.0,20.0,95.0
HAUPTDOLOMITE (SCHONKIRCHEN UBERTIEF),48.3942,16.7161,COMPRESSION/SHALE,ONSHORE,GAS,MATURE PRODUCTION,THRUST,15420,TRIASSIC,DOLOMITE,2953.0,984.0,3.8,2.0
MATZEN SAND,48.3942,16.7161,,ONSHORE,OIL,MATURE PRODUCTION,RIFT,4050,NEOGENE,SANDSTONE,164.0,56.0,,1400.0
SHAHEJIE (BANQIAO),38.7,117.53,EXTENSION,ONSHORE,OIL,NEARLY DEPLETED,RIFT,12425,PALEOGENE,SANDSTONE,755.0,83.0,13.6,11.0
ARAB C,25.6,52.55,GRAVITY/EVAPORITE/COMPRESSION,OFFSHORE,OIL,REJUVENATING,SALT/FORELAND,6661,JURASSIC,DOLOMITE,80.0,55.0,25.0,600.0
ARAB D,25.6,52.55,GRAVITY/EVAPORITE/COMPRESSION,OFFSHORE,OIL,REJUVENATING,SALT/FORELAND,6755,JURASSIC,LIMESTONE,130.0,120.0,25.0,500.0
UPPER MINNELUSA (A SAND),44.0413,-105.4063,,ONSHORE,OIL,NEARLY DEPLETED,FORELAND,10555,PERMIAN,SANDSTONE,100.0,21.0,,155.0
LOWER VICKSBURG,26.6226,-98.3153,GRAVITY/EXTENSION/SHALE/SYNSEDIMENTATION,ONSHORE,GAS,MATURE PRODUCTION,DELTA/PASSIVE MARGIN,9400,PALEOGENE,SANDSTONE,300.0,140.0,16.0,0.6
HEMLOCK CONGLOMERATE,60.8399,-151.6153,INVERSION/COMPRESSION/EXTENSION,OFFSHORE,OIL,NEARLY DEPLETED,INVERSION/FOREARC,8780,PALEOGENE,CONGLOMERATE,500.0,290.0,11.0,125.0
GRAYBURG,31.4289,-102.3099,COMPRESSION,ONSHORE,OIL,NEARLY DEPLETED,FORELAND,2950,PERMIAN,DOLOMITE,400.0,100.0,9.0,5.0
SAN ANDRES,32.5066,-102.5313,COMPRESSION,ONSHORE,OIL,NEARLY DEPLETED,FORELAND,4250,PERMIAN,DOLOMITE,237.0,150.0,10.0,10.0
MEDICINE HAT (A POOL),50.0375,-110.6857,COMPRESSION,ONSHORE,GAS,DECLINING PRODUCTION,INTRACRATONIC,1305,CRETACEOUS,SILTSTONE,30.0,10.7,20.0,2.0
J2 SANDSTONE,51.8,-114.1,COMPRESSION/EROSION,ONSHORE,OIL,PLATEAU PRODUCTION,FORELAND,6880,JURASSIC,SANDSTONE,112.0,63.0,14.5,64.2
PEKISKO,51.8,-114.1,,ONSHORE,OIL,DECLINING PRODUCTION,FORELAND,6900,CARBONIFEROUS,DOLOMITE,165.0,42.5,,38.0
ISNOTU,9.8228,-70.9198,COMPRESSION/EROSION,ONSHORE,OIL,REJUVENATING,FORELAND,1104,NEOGENE,THINLY-BEDDED SANDSTONE,1400.0,100.0,30.0,1000.0
SARIR,27.922,22.4056,,ONSHORE,OIL,DECLINING PRODUCTION,RIFT,8625,CRETACEOUS,SANDSTONE,400.0,85.0,,252.0
DOLGAN (POKUR),69.185,82.4861,COMPRESSION,ONSHORE,METHANE HYDRATE,REJUVENATING,INTRACRATONIC,2756,CRETACEOUS,SANDSTONE,2460.0,66.0,25.0,125.0
CHARLES (MIDALE BEDS),49.4701,-103.4717,COMPRESSION,ONSHORE,OIL,SECOND PLATEAU PRODUTION,INTRACRATONIC,4400,CARBONIFEROUS,DOLOMITE,64.0,32.0,20.0,3.5
FANGST,65.0789,7.4898,EXTENSION/EROSION,OFFSHORE,GAS,DEVELOPING,RIFT,6480,JURASSIC,SANDSTONE,459.0,380.0,27.5,5625.0
MILK RIVER,50.0688,-111.1423,COMPRESSION,ONSHORE,GAS,UNKNOWN,INTRACRATONIC,984,CRETACEOUS,SILTSTONE,250.0,20.0,14.0,1.0
HUNTON (CHIMNEY HILL-HENRYHOUSE),35.3676,-100.0793,COMPRESSION/EROSION,ONSHORE,GAS,NEARLY DEPLETED,THRUST,19888,SILURIAN,DOLOMITE,930.0,94.0,6.0,7.0
BEKASAP,0.7675,101.4334,INVERSION/STRIKE-SLIP/TRANSPRESSION/EXTENSION/BASEMENT-I,ONSHORE,OIL,MATURE PRODUCTION,INVERSION/BACKARC,1960,NEOGENE,SANDSTONE,600.0,200.0,26.0,500.0
ABIOD,34.3856,11.8944,,OFFSHORE,GAS,DEVELOPING,RIFT,9213,CRETACEOUS,CHALK,244.0,193.0,,1.0
ALEG (BIRENO),34.3856,11.8944,INVERSION/COMPRESSION/EXTENSION,OFFSHORE,GAS-CONDENSATE,DEVELOPING,RIFT,10702,CRETACEOUS,CHALKY LIMESTONE,128.0,49.0,13.0,0.1
ALEG (R1 INFERIOR),34.3856,11.8944,INVERSION/COMPRESSION/EXTENSION,OFFSHORE,GAS,DEVELOPING,RIFT,9967,CRETACEOUS,LIMESTONE,85.0,75.0,14.0,5.0
ALEG (R1 SUPERIOR),34.3856,11.8944,INVERSION/COMPRESSION/EXTENSION,OFFSHORE,GAS,DEVELOPING,RIFT,9721,CRETACEOUS,CHALKY LIMESTONE,223.0,26.0,11.0,0.1
WATT MOUNTAIN (GILWOOD A),55.1141,-114.4722,COMPRESSION,ONSHORE,OIL,DECLINING PRODUCTION,FORELAND/PASSIVE MARGIN,5700,DEVONIAN,SANDSTONE,80.0,13.0,13.0,230.0
PRECIPICE,-27.734,150.21,,ONSHORE,OIL,NEARLY DEPLETED,FORELAND/THRUST,5688,JURASSIC,SANDSTONE,250.0,46.0,,460.0
FRONTIER (TIP TOP FIELD),41.6119,-110.2,COMPRESSION/EROSION,ONSHORE,GAS,DECLINING PRODUCTION,FORELAND,7000,CRETACEOUS,SANDSTONE,1100.0,90.0,13.0,0.1
MEGION,63.99,74.95,COMPRESSION,ONSHORE,OIL,DECLINING PRODUCTION,INTRACRATONIC,8399,CRETACEOUS,SANDSTONE,1476.0,102.0,18.5,45.0
BRENT,61.3833,1.75,EXTENSION,OFFSHORE,OIL,NEARLY DEPLETED,RIFT,8988,JURASSIC,SANDSTONE,425.0,300.0,22.0,750.0
ZELTEN,28.9056,19.7983,EXTENSION/INVERSION,ONSHORE,OIL,MATURE PRODUCTION,RIFT,5430,PALEOGENE,LIMESTONE,300.0,120.0,22.0,1500.0
NATIH,22.4333,56.7167,COMPRESSION/EVAPORITE,ONSHORE,OIL,MATURE PRODUCTION,SALT/INVERSION/FORELAND,2433,CRETACEOUS,CHALKY LIMESTONE,1324.0,439.0,19.0,2.6
TERUMBU,5.4658,109.7833,EXTENSION/COMPRESSION,OFFSHORE,CARBON DIOXIDE,UNDEVELOPED,BACKARC,8218,NEOGENE,LIMESTONE,5335.0,2976.0,15.0,100.0
CHARLES,48.7502,-100.9196,COMPRESSION,ONSHORE,OIL,MATURE PRODUCTION,INTRACRATONIC,3310,CARBONIFEROUS,DOLOMITIC LIMESTONE,120.0,17.8,10.0,2.6
SPEARFISH,48.7502,-100.9196,COMPRESSION,ONSHORE,OIL,MATURE PRODUCTION,INTRACRATONIC,3310,TRIASSIC,SANDSTONE,120.0,17.8,14.0,13.5
NIAGARA (GUELPH),42.6984,-82.5399,STRIKE-SLIP/TRANSPRESSION,ONSHORE,OIL,DECLINING PRODUCTION,INTRACRATONIC,2600,SILURIAN,DOLOMITIC LIMESTONE,400.0,100.0,8.0,8.0
BRENT,60.8333,1.4333,EXTENSION/EROSION,OFFSHORE,OIL,MATURE PRODUCTION,RIFT,8480,JURASSIC,SANDSTONE,300.0,200.0,20.0,500.0
WATT MOUNTAIN (GILWOOD A POOL),55.8199,-115.1317,COMPRESSION,ONSHORE,OIL,MATURE PRODUCTION,FORELAND,5500,DEVONIAN,SANDSTONE,100.0,14.0,13.5,250.0
RAMPARTS (KEE SCARP),65.2629,-126.8559,,ONSHORE,OIL,DECLINING PRODUCTION,THRUST/FORELAND,1148,DEVONIAN,CHALKY LIMESTONE,425.0,243.0,,4.0
HUECO,32.9752,-103.7292,COMPRESSION,ONSHORE,OIL,NEARLY DEPLETED,FORELAND,9600,PERMIAN,LIMESTONE,120.0,35.0,9.0,124.0
BURBANK,36.7297,-96.7333,INVERSION/COMPRESSION/EXTENSION/EROSION,ONSHORE,OIL,UNKNOWN,FORELAND,3020,CARBONIFEROUS,SANDSTONE,90.0,47.0,16.8,50.0
SMACKOVER,32.982,-93.1071,GRAVITY/EXTENSION/EVAPORITE/SYNSEDIMENTATION,ONSHORE,OIL,UNKNOWN,SALT/PASSIVE MARGIN,12229,JURASSIC,LIMESTONE,250.0,38.0,11.0,61.0
CLEARFORK-GLORIETA,32.66,-102.6875,COMPRESSION,ONSHORE,OIL,SECOND PLATEAU PRODUTION,FORELAND,5800,PERMIAN,DOLOMITE,1300.0,400.0,4.0,0.4
LOWER HACKBERRY (FRIO),29.9587,-93.7991,GRAVITY/EXTENSION/EVAPORITE/SYNSEDIMENTATION,ONSHORE,GAS-CONDENSATE,MATURE PRODUCTION,DELTA/SALT/PASSIVE MARGIN,10940,PALEOGENE,SHALY SANDSTONE,265.0,130.0,26.0,425.0
YATES,31.5777,-102.9918,COMPRESSION,ONSHORE,OIL,REJUVENATING,FORELAND,2600,PERMIAN,SILTSTONE,300.0,100.0,11.0,16.0
HUNTON (HARAGAN),36.4227,-98.9165,COMPRESSION/EROSION,ONSHORE,GAS,MATURE PRODUCTION,FORELAND,8275,DEVONIAN,DOLOMITE,250.0,38.0,16.0,20.0
VERMELHA,-5.3099,11.9154,GRAVITY/EXTENSION/EVAPORITE/SYNSEDIMENTATION,OFFSHORE,OIL,PLATEAU PRODUCTION,PASSIVE MARGIN,3065,CRETACEOUS,SANDSTONE,450.0,150.0,24.0,500.0
NUBIA (MAIN FIELD AREA),28.8367,33.0859,EXTENSION/EVAPORITE/INVERSION,OFFSHORE,OIL,DECLINING PRODUCTION,SUB-SALT/RIFT,10388,PALEOZOIC-CRETACEOUS,SANDSTONE,2300.0,450.0,17.0,236.0
LOWER NUTOVO (XII-XX IV),53.1333,143.4667,STRIKE-SLIP/TRANSPRESSION/BASEMENT-I,OFFSHORE,OIL,DEVELOPING,INVERSION/WRENCH,3520,NEOGENE,SANDSTONE,2460.0,220.0,20.0,45.0
UNNAMED,51.6289,54.8161,COMPRESSION/EVAPORITE,ONSHORE,GAS,UNKNOWN,SUB-SALT/FORELAND,4232,CARBONIFEROUS-PERMIAN,LIMESTONE,1360.0,563.0,11.0,2.0
14A SEQUENCE,-35.233,21.51,EXTENSION,OFFSHORE,OIL,PLATEAU PRODUCTION,RIFT/PASSIVE MARGIN,7306,CRETACEOUS,SANDSTONE,115.0,98.0,18.0,500.0
JORSALFARE-VALE (EGGA),63.541,5.3375,INVERSION/COMPRESSION/EXTENSION,OFFSHORE,GAS,DEVELOPING,INVERSION/RIFT,5780,CRETACEOUS-PALEOGENE,SANDSTONE,380.0,115.0,29.0,1000.0
CARAPITA,9.8667,-63.3333,COMPRESSION/EXTENSION/LINKED,ONSHORE,OIL,CONTINUING DEVELOPMENT,THRUST/FORELAND,10150,NEOGENE,SANDSTONE,300.0,160.0,13.0,35.0
SAN JUAN,9.8667,-63.3333,COMPRESSION/EXTENSION/LINKED,ONSHORE,OIL,DECLINING PRODUCTION,THRUST/PASSIVE MARGIN,12550,CRETACEOUS-PALEOGENE,SANDSTONE,1000.0,650.0,6.0,5.0
PACOOTA AND STAIRWAY,-24.0003,132.7698,COMPRESSION/EVAPORITE,ONSHORE,GAS,DECLINING PRODUCTION,INTRACRATONIC,5656,ORDOVICIAN,SANDSTONE,2300.0,174.0,4.0,0.01
MACAE (QUISSAMA),-22.788,-40.7674,GRAVITY/EXTENSION/EVAPORITE,OFFSHORE,OIL,DECLINING PRODUCTION,SALT/PASSIVE MARGIN,5781,CRETACEOUS,LIMESTONE,650.0,280.0,25.0,800.0
BASSEIN (ZONE B),19.297,71.979,,OFFSHORE,OIL,PLATEAU PRODUCTION,RIFT/PASSIVE MARGIN,5546,PALEOGENE,LIMESTONE,853.0,82.0,,10.0
UNNAMED,44.3367,-1.0959,COMPRESSION/EROSION,ONSHORE-OFFSHORE,OIL,NEARLY DEPLETED,FORELAND,6550,CRETACEOUS,DOLOMITE,1300.0,200.0,11.0,10.0
ALMOND,41.6148,-108.5007,COMPRESSION/EROSION,ONSHORE,OIL,REJUVENATING,FORELAND,4300,CRETACEOUS,SANDSTONE,70.0,20.0,20.0,36.0
GETHING-OSTRACOD-BLUESKY,56.2683,-117.2815,COMPRESSION/EROSION,ONSHORE,BITUMEN,CONTINUING DEVELOPMENT,FORELAND,1500,CRETACEOUS,SANDSTONE,100.0,82.0,28.0,440.0
ABO,33.5606,-104.2916,COMPRESSION,ONSHORE,GAS,MATURE PRODUCTION,FORELAND,2275,PERMIAN,SANDSTONE,325.0,30.0,13.0,0.04
HALFWAY,56.8646,-120.4777,COMPRESSION/EROSION,ONSHORE,OIL,NEARLY DEPLETED,FORELAND,3800,TRIASSIC,SANDSTONE,85.0,12.8,12.0,120.0
CARDIUM (PEMBINA RIVER),53.1361,-115.1188,COMPRESSION,ONSHORE,OIL,MATURE PRODUCTION,FORELAND,4000,CRETACEOUS,SANDSTONE,50.0,19.3,13.9,24.0
HERRERA,10.1833,-61.4,STRIKE-SLIP/TRANSPRESSION/BASEMENT-I,ONSHORE,OIL,NEARLY DEPLETED,THRUST/SUB-THRUST/FORELAND,2100,NEOGENE,SANDSTONE,2000.0,1000.0,25.0,100.0
SAN ANDRES,31.7333,-102.5625,COMPRESSION,ONSHORE,OIL,DECLINING PRODUCTION,FORELAND,3250,PERMIAN,DOLOMITE,400.0,118.0,11.0,3.0
PIPER-SGIATH,58.4589,0.2708,,OFFSHORE,OIL,MATURE PRODUCTION,RIFT,6776,JURASSIC,SANDSTONE,300.0,200.0,,4000.0
MEGION (BV8),61.583,75.1833,COMPRESSION,ONSHORE,OIL,DECLINING PRODUCTION,INTRACRATONIC,7841,CRETACEOUS,SANDSTONE,75.0,24.0,20.0,130.0
VARTOV (BV6),61.583,75.1833,COMPRESSION,ONSHORE,OIL,DECLINING PRODUCTION,INTRACRATONIC,7529,CRETACEOUS,SANDSTONE,52.0,19.0,20.0,170.0
VARTOV-ALYM (AV1-2),61.583,75.1833,COMPRESSION,ONSHORE,OIL,DECLINING PRODUCTION,INTRACRATONIC,6030,CRETACEOUS,SANDSTONE,69.0,27.0,22.0,108.0
LOWER HACKBERRY (FRIO),29.88,-94.0,GRAVITY/EXTENSION/EVAPORITE/SYNSEDIMENTATION,ONSHORE,GAS-CONDENSATE,ABANDONED,DELTA/SALT/PASSIVE MARGIN,10376,PALEOGENE,SHALY SANDSTONE,400.0,26.0,29.0,275.0
ACHIMOV-VARTOV,61.13,70.46,COMPRESSION,ONSHORE,OIL,CONTINUING DEVELOPMENT,INTRACRATONIC,7677,CRETACEOUS,SANDSTONE,1300.0,140.0,19.0,3.6
UNNAMED (UNITS I-II),69.2833,57.25,COMPRESSION/EVAPORITE,OFFSHORE,OIL,UNDEVELOPED,INVERSION/FORELAND,7529,CARBONIFEROUS-PERMIAN,LIMESTONE,660.0,150.0,19.0,120.0
VIKING,52.2022,-110.3508,,ONSHORE,GAS,DECLINING PRODUCTION,FORELAND,2400,CRETACEOUS,SANDSTONE,70.0,5.8,,82.0
VIKING (C POOL),52.2022,-110.3508,COMPRESSION/EROSION,ONSHORE,OIL,NEARLY DEPLETED,FORELAND,2950,CRETACEOUS,LOW-RESISTIVITY SANDSTONE,70.0,4.0,25.0,170.0
LOWER BAHARIYA,29.783,30.529,INVERSION/COMPRESSION/EXTENSION,ONSHORE,OIL,DEVELOPING,INVERSION/RIFT,8450,CRETACEOUS,LOW-RESISTIVITY SANDSTONE,145.0,45.0,18.0,700.0
ARAB C,26.5333,49.975,COMPRESSION/EVAPORITE,ONSHORE-OFFSHORE,OIL,TEMPORARILY SHUT-IN,FORELAND/SALT,6900,JURASSIC,LIMESTONE,100.0,81.0,18.0,202.0
ARAB D,26.5333,49.975,COMPRESSION/EVAPORITE,ONSHORE-OFFSHORE,OIL,TEMPORARILY SHUT-IN,FORELAND/SALT,7100,JURASSIC,LIMESTONE,100.0,83.0,15.0,310.0
QUIRIQUIRE,10.0,-63.1667,COMPRESSION/EXTENSION/LINKED/EROSION,ONSHORE,OIL,REJUVENATING,FORELAND/THRUST,1613,NEOGENE,SANDSTONE,1600.0,230.0,20.0,450.0
PALUXY,32.8253,-95.4951,GRAVITY/EXTENSION/EVAPORITE/SYNSEDIMENTATION,ONSHORE,OIL,NEARLY DEPLETED,SALT/PASSIVE MARGIN,6056,CRETACEOUS,SANDSTONE,400.0,35.0,22.0,600.0
UPPER KEG RIVER-MUSKEG (RAINBOW A),58.5052,-119.2926,COMPRESSION/EVAPORITE/GRAVITY,ONSHORE,OIL,DECLINING PRODUCTION,FORELAND,5866,DEVONIAN,LIMESTONE,756.0,400.0,11.8,37.0
BATURAJA,-5.4307,106.2889,INVERSION/STRIKE-SLIP/TRANSPRESSION/EXTENSION/BASEMENT-I,OFFSHORE,OIL,MATURE PRODUCTION,BACKARC,2725,NEOGENE,LIMESTONE,600.0,86.0,24.5,10.0
NUBIA C,28.2919,33.3144,EXTENSION/EVAPORITE/INVERSION,OFFSHORE,OIL,MATURE PRODUCTION,SUB-SALT/RIFT,10700,PALEOZOIC,SANDSTONE,1300.0,750.0,15.0,100.0
MARDIN-RAMAN,37.7642,41.3083,COMPRESSION/EVAPORITE,ONSHORE,OIL,PLATEAU PRODUCTION,THRUST,3691,CRETACEOUS,LIMESTONE,175.0,115.0,14.0,10.0
BATURAJA,-2.6544,104.1461,INVERSION/STRIKE-SLIP/TRANSPRESSION/EXTENSION/BASEMENT-I,ONSHORE,OIL,DECLINING PRODUCTION,INVERSION/BACKARC,2650,NEOGENE,LIMESTONE,164.0,54.0,17.0,2000.0
WEBER,40.1135,-108.8829,COMPRESSION,ONSHORE,OIL,DECLINING PRODUCTION,THRUST,5500,CARBONIFEROUS-PERMIAN,SANDSTONE,526.0,189.0,12.0,8.0
KEUTAPANG-SEURULA,4.3503,98.0957,,ONSHORE,OIL,MATURE PRODUCTION,BACKARC,920,NEOGENE,SANDSTONE,2000.0,110.0,,120.0
NUBIAN,28.9687,33.1283,EXTENSION/EVAPORITE,OFFSHORE,OIL,DECLINING PRODUCTION,SUB-SALT,10500,CARBONIFEROUS-CRETACEOUS,SANDSTONE,3000.0,1600.0,12.0,45.0
UPPER MINNELUSA (B SAND),44.1497,-105.1171,COMPRESSION,ONSHORE,OIL,MATURE PRODUCTION,FORELAND,8278,PERMIAN,SANDSTONE,100.0,37.0,12.0,50.0
LEDUC,53.65,-113.3333,COMPRESSION,ONSHORE,OIL,NEARLY DEPLETED,FORELAND,3080,DEVONIAN,LIMESTONE,800.0,100.0,8.0,100.0
WUMISHAN,38.6265,116.0234,,ONSHORE,OIL,NEARLY DEPLETED,RIFT,8527,PROTEROZOIC,DOLOMITE,7680.0,548.0,,1.0
MENKEL /HASSAOUNA,31.39,6.9481,COMPRESSION/EROSION/EXTENSION,ONSHORE,OIL,REJUVENATING,INTRACRATONIC,8200,CAMBRIAN,SANDSTONE,1800.0,902.0,9.0,5.0
AL KHLATA,18.8786,56.3146,GRAVITY/EVAPORITE/EXTENSION,ONSHORE,OIL,UNKNOWN,SALT/RIFT,2973,CARBONIFEROUS-PERMIAN,SANDSTONE,250.0,100.0,25.0,500.0
FRIO-VICKSBURG,26.5307,-98.5866,GRAVITY/EXTENSION/SHALE/SYNSEDIMENTATION,ONSHORE,OIL,MATURE PRODUCTION,DELTA/PASSIVE MARGIN,3400,PALEOGENE,SANDSTONE,1000.0,150.0,26.0,80.0
PASHIY (D-1 POOL),55.3433,52.8447,COMPRESSION/EROSION,ONSHORE,OIL,MATURE PRODUCTION,FORELAND,5463,DEVONIAN,SANDSTONE,115.0,29.0,19.0,375.0
CARAPEBUS,-21.9449,-39.7171,GRAVITY/EXTENSION/EVAPORITE,OFFSHORE,OIL,DEVELOPING,SALT/PASSIVE MARGIN,3500,CRETACEOUS,SANDSTONE,500.0,520.0,30.0,1000.0
SWAN HILLS,53.7056,-116.1303,COMPRESSION,ONSHORE,GAS,NEARLY DEPLETED,FORELAND,10276,DEVONIAN,DOLOMITE,178.0,58.0,9.0,360.0
UPPER MINNELUSA (C SAND),44.1578,-105.4258,COMPRESSION,ONSHORE,OIL,NEARLY DEPLETED,FORELAND,10225,PERMIAN,SANDSTONE,100.0,25.0,11.3,97.0
MESAVERDE (WILLIAMS FORK-ILES),39.4778,-107.833,,ONSHORE,GAS,PLATEAU PRODUCTION,FORELAND,5500,CRETACEOUS,SANDSTONE,3800.0,297.0,,0.001
HOLLIN,-0.3292,-76.8867,,ONSHORE,OIL,DECLINING PRODUCTION,INVERSION/FORELAND,9350,CRETACEOUS,LOW-RESISTIVITY SANDSTONE,370.0,39.0,,400.0
NAPO T-U SANDS,-0.3292,-76.8867,INVERSION/COMPRESSION/EXTENSION,ONSHORE,OIL,DECLINING PRODUCTION,INVERSION/FORELAND,8940,CRETACEOUS,LOW-RESISTIVITY SANDSTONE,320.0,46.0,16.0,400.0
BARIK,21.318,56.7018,COMPRESSION/EROSION/GRAVITY/EVAPORITE/EXTENSION,ONSHORE,GAS-CONDENSATE,DEVELOPING,SALT/FORELAND,14600,CAMBRIAN-ORDOVICIAN,SANDSTONE,700.0,450.0,9.0,7.0
SHUAIBA,21.318,56.7018,COMPRESSION/EROSION/GRAVITY/EVAPORITE/EXTENSION,ONSHORE,OIL,PLATEAU PRODUCTION,SALT/FORELAND,4478,CRETACEOUS,CHALKY LIMESTONE,200.0,110.0,27.0,7.0
SECOND WALL CREEK SAND,43.3984,-106.2921,COMPRESSION,ONSHORE,OIL,MATURE PRODUCTION,FORELAND,1300,CRETACEOUS,SANDSTONE,100.0,71.0,19.0,52.0
STAGES IVC-IVF,5.6284,114.8906,GRAVITY/SHALE/EXTENSION/SYNSEDIMENTATION,OFFSHORE,OIL,DECLINING PRODUCTION,DELTA/FORELAND,1180,NEOGENE,SANDSTONE,6739.0,500.0,23.0,250.0
KALOL (PAYZONE K-III),23.1,72.417,INVERSION/COMPRESSION/EXTENSION,ONSHORE,OIL,SECOND PLATEAU PRODUTION,RIFT/INVERSION,3939,PALEOGENE,SANDSTONE,410.0,20.0,28.0,1000.0
KALOL,23.409,72.202,INVERSION/COMPRESSION/EXTENSION,ONSHORE,OIL,REJUVENATING,RIFT,2906,PALEOGENE,SANDSTONE,148.0,66.0,28.0,7500.0
PICO-SANTA BARBARA,34.3169,-119.1149,,ONSHORE,OIL,NEARLY DEPLETED,WRENCH,5000,NEOGENE,SANDSTONE,1400.0,760.0,,250.0
VALHALL (SCAPA SANDSTONE),58.427,0.325,EXTENSION/EROSION,OFFSHORE,OIL,NEARLY DEPLETED,RIFT,7523,CRETACEOUS,THINLY-BEDDED SANDSTONE,400.0,98.0,20.0,250.0
VLIELAND (BENTHEIM),52.6634,6.8553,INVERSION/COMPRESSION/EXTENSION,ONSHORE,OIL,DECLINING PRODUCTION,INVERSION/RIFT,2400,CRETACEOUS,SANDSTONE,100.0,70.0,32.0,7000.0
SGIATH-PIPER,58.2792,0.2312,EXTENSION/EVAPORITE,OFFSHORE,OIL,DECLINING PRODUCTION,RIFT,9940,JURASSIC,SANDSTONE,360.0,290.0,16.0,100.0
BALIKPAPAN (UPPER DELTAIC SEQUENCE),-0.167,117.67,INVERSION/COMPRESSION/EXTENSION/SHALE,OFFSHORE,OIL,MATURE PRODUCTION,BACKARC,5675,NEOGENE,SANDSTONE,500.0,180.0,28.0,1628.0
SANJIANFANG,43.05,90.35,COMPRESSION,ONSHORE,OIL,DECLINING PRODUCTION,FORELAND,9186,JURASSIC,SANDSTONE,951.0,67.0,12.0,7.9
SHATLYK (SHATLYK EAST),37.39,61.1,COMPRESSION/EVAPORITE,ONSHORE,GAS,MATURE PRODUCTION,FORELAND,11000,CRETACEOUS,SANDSTONE,148.0,63.0,21.8,222.0
SHATLYK (SHATLYK WEST),37.39,61.1,COMPRESSION/EVAPORITE,ONSHORE,GAS,REJUVENATING,FORELAND,10470,CRETACEOUS,SANDSTONE,148.0,106.0,21.8,222.0
NUBIA,27.998,33.554,,OFFSHORE,OIL,MATURE PRODUCTION,RIFT,9125,PALEOZOIC-CRETACEOUS,SANDSTONE,850.0,700.0,,60.0
LAN KRABU,16.63,99.9,STRIKE-SLIP/TRANSTENSION/BASEMENT-I,ONSHORE,OIL,PLATEAU PRODUCTION,WRENCH,4623,NEOGENE,SANDSTONE,1772.0,262.0,20.0,50.0
TAMABRA,17.7833,-93.1167,,ONSHORE,OIL,NEARLY DEPLETED,WRENCH/SALT/PASSIVE MARGIN,12440,CRETACEOUS,DOLOMITE,1300.0,410.0,,135.0
SAN ANDRES,33.4701,-102.6771,COMPRESSION,ONSHORE,OIL,MATURE PRODUCTION,FORELAND,5100,PERMIAN,DOLOMITE,900.0,70.0,12.0,10.0
LATROBE (N-1 UNIT),-38.2008,148.0136,INVERSION/COMPRESSION/EXTENSION/EROSION,OFFSHORE,GAS-CONDENSATE,PLATEAU PRODUCTION,INVERSION/RIFT,3682,PALEOGENE,SANDSTONE,820.0,394.0,24.0,2000.0
SWAN HILLS (BEAVERHILL LAKE POOL),55.1655,-116.7022,COMPRESSION,ONSHORE,OIL,MATURE PRODUCTION,FORELAND,8500,DEVONIAN,LIMESTONE,185.0,34.2,6.8,54.0
BELRIDGE DIATOMITE (MONTEREY-ETCHEGOIN),35.4368,-119.6788,COMPRESSION/STRIKE-SLIP/TRANSPRESSION/BASEMENT-I,ONSHORE,OIL,PLATEAU PRODUCTION,THRUST/WRENCH,600,NEOGENE,DIATOMITE,1000.0,900.0,55.0,1.5
GRAYBURG,31.749,-102.443,COMPRESSION,ONSHORE,OIL,DECLINING PRODUCTION,FORELAND,4100,PERMIAN,DOLOMITE,400.0,90.0,8.8,15.0
FRIO (MIOGYP),30.0895,-92.6647,,ONSHORE,GAS,NEARLY DEPLETED,DELTA/SALT/PASSIVE MARGIN,16500,PALEOGENE,SANDSTONE,600.0,82.0,,100.0
K SANDS,28.1963,-90.5412,GRAVITY/EXTENSION/EVAPORITE/DIAPIR/SYNSEDIMENTATION,OFFSHORE,OIL,MATURE PRODUCTION,DELTA/SALT/PASSIVE MARGIN,9910,NEOGENE,SANDSTONE,600.0,107.0,31.0,500.0
BOTUOBIN,61.2339,111.7308,,ONSHORE,OIL,CONTINUING DEVELOPMENT,INVERSION/RIFT,6168,PROTEROZOIC,SANDSTONE,100.0,23.0,,120.0
M. AUSTRALIS,-20.2886,114.2568,,OFFSHORE,OIL,DECLINING PRODUCTION,RIFT/PASSIVE MARGIN,2057,CRETACEOUS,LOW-RESISTIVITY SANDSTONE,72.0,56.0,,2000.0
BRENT,61.2042,1.8287,EXTENSION/EROSION,OFFSHORE,OIL,DECLINING PRODUCTION,RIFT,7267,JURASSIC,SANDSTONE,700.0,490.0,27.0,2500.0
STATFJORD,61.2042,1.8287,,OFFSHORE,OIL,DECLINING PRODUCTION,RIFT,7972,TRIASSIC-JURASSIC,SANDSTONE,740.0,360.0,,470.0
LEDUC,52.45,-115.4286,COMPRESSION,ONSHORE,GAS,NEARLY DEPLETED,FORELAND,12068,DEVONIAN,DOLOMITE,900.0,535.0,7.8,11.0
UPPER MANNVILLE (J POOL),50.2851,-111.1427,COMPRESSION/EROSION,ONSHORE,OIL,DECLINING PRODUCTION,FORELAND,2950,CRETACEOUS,SANDSTONE,72.5,36.5,27.0,1000.0
DONGYING,40.0172,120.8541,EXTENSION,OFFSHORE,OIL,PLATEAU PRODUCTION,RIFT,4259,PALEOGENE,SANDSTONE,980.0,160.0,32.0,2600.0
SUNNILAND LIMESTONE (WEST FELDA FIELD),26.2683,-81.3397,EXTENSION,ONSHORE,OIL,MATURE PRODUCTION,PASSIVE MARGIN,11364,CRETACEOUS,LIMESTONE,80.0,17.0,15.0,90.0
PLOVER,-9.5901,128.1538,EXTENSION/TRANSTENSION,OFFSHORE,GAS-CONDENSATE,UNDEVELOPED,WRENCH/PASSIVE MARGIN,6660,JURASSIC,SANDSTONE,591.0,279.0,14.0,28.0
LOWER MANNVILE (O POOL),49.9191,-112.161,COMPRESSION/EROSION,ONSHORE,OIL,MATURE PRODUCTION,FORELAND,3050,CRETACEOUS,SANDSTONE,190.0,18.0,17.0,1000.0
UPPER MANNVILE (A POOL),49.9191,-112.161,COMPRESSION/EROSION,ONSHORE,OIL,MATURE PRODUCTION,FORELAND,3050,CRETACEOUS,SANDSTONE,165.0,35.0,25.0,2000.0
REINDEER,69.3716,-134.8935,INVERSION/COMPRESSION/EXTENSION/EROSION,ONSHORE,GAS,UNDEVELOPED,DELTA/PASSIVE MARGIN,7382,PALEOGENE,SANDSTONE,1970.0,427.0,17.0,150.0
VERMELHA,-5.2431,11.8072,GRAVITY/EXTENSION/EVAPORITE/SYNSEDIMENTATION,OFFSHORE,OIL,PLATEAU PRODUCTION,PASSIVE MARGIN,2865,CRETACEOUS,SANDSTONE,550.0,175.0,25.0,1000.0
PALUXY,33.3625,-95.084,GRAVITY/EXTENSION/EVAPORITE/SYNSEDIMENTATION,ONSHORE,OIL,NEARLY DEPLETED,SALT/PASSIVE MARGIN,4059,CRETACEOUS,SANDSTONE,275.0,44.0,25.0,2460.0
TYUMEN (JUK10-JUK11),62.0,66.55,COMPRESSION,ONSHORE,OIL,DECLINING PRODUCTION,INTRACRATONIC,8399,JURASSIC,SANDSTONE,110.0,66.0,15.0,160.0
WABAMUM,55.9397,-117.5984,EXTENSION,ONSHORE,OIL,MATURE PRODUCTION,FORELAND,5900,DEVONIAN,DOLOMITE,730.0,130.0,5.0,0.3
COTTON VALLEY LIME,31.6305,-96.2674,GRAVITY/EXTENSION/EVAPORITE/SYNSEDIMENTATION,ONSHORE,GAS,DECLINING PRODUCTION,SALT/PASSIVE MARGIN,11900,JURASSIC,CHALKY LIMESTONE,350.0,72.0,10.0,0.09
SIDI SALIM,31.84,32.145,STRIKE-SLIP/TRANSTENSION/SHALE/EVAPORITE/BASEMENT-I,OFFSHORE,GAS-CONDENSATE,DEVELOPING,WRENCH/DELTA,12390,NEOGENE,SANDSTONE,328.0,131.0,24.5,390.0
BRENT,61.2667,0.9167,INVERSION/COMPRESSION/EXTENSION,OFFSHORE,OIL,DECLINING PRODUCTION,RIFT,7252,JURASSIC,SANDSTONE,273.0,170.0,22.0,350.0
BRENT,61.3833,1.55,EXTENSION,OFFSHORE,OIL,NEARLY DEPLETED,RIFT,7970,JURASSIC,SANDSTONE,475.0,380.0,24.0,1200.0
THIRTYONE,32.1661,-102.8024,COMPRESSION,ONSHORE,OIL,NEARLY DEPLETED,FORELAND,8100,DEVONIAN,CHERT,130.0,70.0,15.0,5.0
LA ROSA-LAGUNILLAS (TIA JUANA ONSHORE AREA),10.2617,-71.3826,COMPRESSION/EROSION,ONSHORE-OFFSHORE,OIL,MATURE PRODUCTION,WRENCH/FORELAND,1400,NEOGENE,SANDSTONE,500.0,120.0,35.0,1200.0
PARADOX (UPPER ISMAY),37.4211,-109.1333,COMPRESSION/EXTENSION/EVAPORITE,ONSHORE,OIL,NEARLY DEPLETED,INTRACRATONIC,5430,CARBONIFEROUS,DOLOMITE,60.0,50.0,11.0,2.8
TIRRAWARRA,-27.6764,140.1292,INVERSION/COMPRESSION/EXTENSION,ONSHORE,OIL,DECLINING PRODUCTION,INTRACRATONIC,9427,CARBONIFEROUS-PERMIAN,SANDSTONE,115.0,60.0,11.2,1.0
NEDZHELIN-TAGANDZHIN-MONOM,63.75,124.0,TRANSPRESSION/UPLIFT,ONSHORE,GAS,UNDEVELOPED,PASSIVE MARGIN,8200,TRIASSIC,SANDSTONE,1640.0,123.0,17.0,28.0
TOR-EKOFISK,56.4844,2.9334,GRAVITY/EVAPORITE/EXTENSION,OFFSHORE,GAS-CONDENSATE,ABANDONED,SALT/INVERSION/RIFT,9629,CRETACEOUS-PALEOGENE,CHALK,640.0,550.0,20.0,0.8
TOR-EKOFISK,56.6389,3.3355,GRAVITY/EVAPORITE/EXTENSION,OFFSHORE,OIL,MATURE PRODUCTION,SALT/INVERSION/RIFT,9520,CRETACEOUS-PALEOGENE,CHALK,800.0,490.0,21.0,0.6
FLACOURT-BIRDRONG,-21.807,114.8181,INVERSION/COMPRESSION/EXTENSION/EROSION,ONSHORE,GAS,NEARLY DEPLETED,RIFT/PASSIVE MARGIN,1614,CRETACEOUS,GLAUCONITIC SANDSTONE,41.0,31.0,28.5,1000.0
TURNER VALLEY (RUNDLE POOL),50.6704,-114.2665,COMPRESSION,ONSHORE,OIL,MATURE PRODUCTION,SUB-THRUST/FORELAND,3000,CARBONIFEROUS,DOLOMITE,450.0,296.0,8.2,7.0
XIV-1,40.1494,62.9906,,ONSHORE,GAS,DECLINING PRODUCTION,INVERSION/RIFT,5078,CRETACEOUS,SANDSTONE,98.0,23.0,,65.0
XV-1,40.1494,62.9906,INVERSION/COMPRESSION/EXTENSION/EVAPORITE,ONSHORE,GAS,DECLINING PRODUCTION,INVERSION/RIFT,5443,JURASSIC,DOLOMITE,82.0,59.0,16.0,61.0
XV-2,40.1494,62.9906,INVERSION/COMPRESSION/EXTENSION/EVAPORITE,ONSHORE,GAS,DECLINING PRODUCTION,INVERSION/RIFT,5548,JURASSIC,DOLOMITE,200.0,20.0,13.0,7.3
ULA,57.117,2.833,INVERSION/COMPRESSION/EXTENSION/EVAPORITE,OFFSHORE,OIL,MATURE PRODUCTION,SALT/INVERSION/RIFT,10744,JURASSIC,SANDSTONE,410.0,377.0,16.5,300.0
KAIBAB-TIMPOWEAP,37.618,-111.735,COMPRESSION,ONSHORE,OIL,NEARLY DEPLETED,FORELAND,6350,PERMIAN-TRIASSIC,DOLOMITE,250.0,30.0,11.0,21.0
POKUR (PK1-6),66.0533,76.9497,COMPRESSION,ONSHORE,GAS,DECLINING PRODUCTION,INTRACRATONIC,3514,CRETACEOUS,SANDSTONE,700.0,440.0,30.0,330.0
KT-I,48.4061,57.3269,,ONSHORE,OIL,UNDEVELOPED,SUB-SALT/FORELAND,8290,CARBONIFEROUS,DOLOMITIC LIMESTONE,1394.0,262.0,,140.0
AFONIN,66.2022,57.2928,,ONSHORE,OIL,MATURE PRODUCTION,INVERSION/FORELAND,9813,DEVONIAN,SANDSTONE,249.0,89.0,,120.0
UNITS XIII-XVIII,43.4175,52.8658,INVERSION/COMPRESSION/EXTENSION,ONSHORE,OIL,MATURE PRODUCTION,INVERSION/RIFT,3440,JURASSIC,SANDSTONE,920.0,436.0,21.0,235.0
SAN ANDRES,32.7919,-103.5855,COMPRESSION,ONSHORE,OIL,DECLINING PRODUCTION,FORELAND,4250,PERMIAN,DOLOMITE,370.0,150.0,12.0,17.0
TUXEN-SOLA,55.8167,4.5667,INVERSION/COMPRESSION/EXTENSION/EVAPORITE,OFFSHORE,OIL,PLATEAU PRODUCTION,INVERSION/SALT/RIFT,7063,CRETACEOUS,CHALK,280.0,250.0,25.0,0.5
HOD-TOR,56.2619,3.3947,INVERSION/COMPRESSION/EXTENSION/EVAPORITE,OFFSHORE,OIL,PLATEAU PRODUCTION,INVERSION/RIFT,7648,CRETACEOUS,CHALK,480.0,410.0,35.0,2.0
KASKAPAU (DOE CREEK I POOL),55.4714,-119.3361,COMPRESSION,ONSHORE,OIL,DECLINING PRODUCTION,FORELAND,2460,CRETACEOUS,SANDSTONE,11.0,12.0,23.0,210.0
MEGION-VAREGAN (A5-B10),62.6167,77.6622,COMPRESSION,ONSHORE,OIL,DECLINING PRODUCTION,INTRACRATONIC,5577,CRETACEOUS,SANDSTONE,3150.0,429.0,23.6,187.0
MIC MAC-MISSISAUGA,44.0377,-59.5735,GRAVITY/SHALE/EXTENSION,OFFSHORE,GAS,DEVELOPING,PASSIVE MARGIN,14231,JURASSIC-CRETACEOUS,SANDSTONE,5249.0,500.0,14.0,30.0
DANILOV (PREOBRAZHEN HZ),60.8929,109.0385,INVERSION/COMPRESSION/EXTENSION,ONSHORE,OIL,DEVELOPING,INVERSION/RIFT,5052,PROTEROZOIC-CAMBRIAN,DOLOMITE,46.0,33.0,11.0,83.0
NEPA (VCH1-VCH2),60.8929,109.0385,INVERSION/COMPRESSION/EXTENSION,ONSHORE,OIL,DEVELOPING,INVERSION/RIFT,5216,PROTEROZOIC,SANDSTONE,200.0,25.0,10.0,209.0
FUSSELMAN-WINK,31.672,-103.532,COMPRESSION,ONSHORE,GAS,NEARLY DEPLETED,FORELAND,18425,SILURIAN,DOLOMITE,127.0,34.0,5.0,5.0
BRENT,60.7984,2.9133,EXTENSION/EROSION,OFFSHORE,OIL,DECLINING PRODUCTION,RIFT,8447,JURASSIC,SANDSTONE,427.0,279.0,18.0,800.0
DUNLIN (INTRA DUNLIN SAND),60.7984,2.9133,,OFFSHORE,OIL,DECLINING PRODUCTION,RIFT,9333,JURASSIC,SANDSTONE,57.0,26.0,,200.0
LEMAN SANDSTONE,53.3299,2.3626,INVERSION/COMPRESSION/EXTENSION/EVAPORITE/GRAVITY,OFFSHORE,GAS,DECLINING PRODUCTION,SUB-SALT/INVERSION,8175,PERMIAN,SANDSTONE,375.0,369.0,16.0,52.0
LANSING-KANSAS CITY,37.3971,-100.9544,COMPRESSION/EROSION,ONSHORE,OIL,MATURE PRODUCTION,FORELAND,4075,CARBONIFEROUS,LIMESTONE,150.0,10.0,22.0,85.0
DALLE NACREE,48.8167,3.6,EXTENSION,ONSHORE,OIL,MATURE PRODUCTION,INTRACRATONIC,5990,JURASSIC,LIMESTONE,75.0,60.0,14.0,10.0
LODGEPOLE,49.8698,-100.9538,COMPRESSION,ONSHORE,OIL,DECLINING PRODUCTION,INTRACRATONIC,1915,CARBONIFEROUS,LIMESTONE,330.0,20.0,10.0,35.0
MINAGISH,28.6,47.8833,COMPRESSION/EVAPORITE,ONSHORE,OIL,DECLINING PRODUCTION,FORELAND/SALT,6580,CRETACEOUS,LIMESTONE,650.0,200.0,21.5,100.0
M. AUSTRALIS,-20.1277,116.4203,INVERSION/COMPRESSION/EXTENSION,OFFSHORE,OIL,DECLINING PRODUCTION,RIFT/PASSIVE MARGIN,1657,CRETACEOUS,LOW-RESISTIVITY SANDSTONE,164.0,98.0,32.0,7500.0
QIANJIANG,30.41,112.81,EXTENSION/EVAPORITE/GRAVITY,ONSHORE,OIL,NEARLY DEPLETED,RIFT,2421,PALEOGENE,SANDSTONE,5900.0,28.0,18.3,386.0
TAISHAN,37.7167,118.2833,EXTENSION,ONSHORE,OIL,NEARLY DEPLETED,RIFT,4829,ARCHEAN,BASEMENT,656.0,190.0,1.8,7.8
BONE SPRING (3RD SANDSTONE),31.6533,-103.3046,COMPRESSION,ONSHORE,GAS-CONDENSATE,DECLINING PRODUCTION,FORELAND,11245,PERMIAN,SILTSTONE,84.0,26.0,10.0,0.5
RUNDLE-WABAMUN (A POOL),49.3077,-114.0869,COMPRESSION,ONSHORE,GAS-CONDENSATE,MATURE PRODUCTION,SUB-THRUST/FORELAND,8100,DEVONIAN-CARBONIFEROUS,DOLOMITE,2350.0,142.0,4.0,0.6
S SAND (RESERVOIR B) OR S RB,29.8184,-91.778,GRAVITY/EXTENSION/EVAPORITE/DIAPIR/SYNSEDIMENTATION,ONSHORE,OIL,NEARLY DEPLETED,SALT/PASSIVE MARGIN,11600,NEOGENE,SANDSTONE,221.0,186.0,26.0,3500.0
DENGYING,29.7333,104.75,COMPRESSION,ONSHORE,GAS,NEARLY DEPLETED,FORELAND,9485,PROTEROZOIC,DOLOMITE,2133.0,92.0,1.76,0.2
MESAVERDE (TEAPOT SAND),43.006,-105.1392,COMPRESSION,ONSHORE,OIL,MATURE PRODUCTION,FORELAND,6367,CRETACEOUS,SANDSTONE,110.0,17.0,14.0,4.3
HALFWAY,55.2197,-119.1749,COMPRESSION,ONSHORE,OIL,DECLINING PRODUCTION,FORELAND,6125,TRIASSIC,SANDSTONE,80.0,22.0,10.2,60.0
SHAHEJIE,35.77,115.2,EXTENSION,ONSHORE,OIL,MATURE PRODUCTION,RIFT,4462,PALEOGENE,SANDSTONE,6562.0,153.0,25.0,420.0
DUNDEE,44.262,-84.1784,,ONSHORE,OIL,DECLINING PRODUCTION,INTRACRATONIC,2590,DEVONIAN,LIMESTONE,180.0,28.0,,4.0
UPPER MORROW (PURYEAR),35.585,-99.7432,COMPRESSION/EROSION,ONSHORE,GAS,MATURE PRODUCTION,FORELAND,14500,CARBONIFEROUS,CONGLOMERATE,46.0,23.0,13.0,0.4
NISKU (BIGORAY C POOL),53.2287,-115.8008,,ONSHORE,OIL,UNKNOWN,FORELAND,7951,DEVONIAN,LIMESTONE,318.0,157.0,,278.0
NISKU (PEMBINA L POOL),53.2287,-115.8008,COMPRESSION,ONSHORE,OIL,UNKNOWN,FORELAND,9306,DEVONIAN,DOLOMITE,233.0,167.0,11.8,1407.0
WEST SAK,70.3401,-149.5375,,ONSHORE,OIL,DEVELOPING,FORELAND,2000,CRETACEOUS,SANDSTONE,300.0,59.0,,140.0
SAN ANDRES,32.766,-102.811,COMPRESSION,ONSHORE,OIL,NEARLY DEPLETED,FORELAND,4810,PERMIAN,DOLOMITE,600.0,40.0,9.9,9.0
F2-F0,63.6375,54.9269,COMPRESSION/EVAPORITE,ONSHORE,OIL,DECLINING PRODUCTION,INVERSION/FORELAND,3493,DEVONIAN,LIMESTONE,980.0,200.0,12.0,200.0
CHARLES,48.8521,-101.013,COMPRESSION,ONSHORE,OIL,MATURE PRODUCTION,INTRACRATONIC,3275,CARBONIFEROUS,DOLOMITIC LIMESTONE,43.0,15.5,10.0,2.6
SPEARFISH,48.8521,-101.013,COMPRESSION,ONSHORE,OIL,MATURE PRODUCTION,INTRACRATONIC,3275,TRIASSIC,SANDSTONE,43.0,15.5,14.0,13.5
CHARLES (MIDALE BEDS),49.5354,-103.7584,COMPRESSION,ONSHORE,OIL,SECOND PLATEAU PRODUTION,INTRACRATONIC,4300,CARBONIFEROUS,DOLOMITE,82.0,33.0,15.0,10.0
AVALON (SOUTH POOL),46.8638,-48.0664,EXTENSION/EVAPORITE/EROSION/GRAVITY,OFFSHORE,OIL,DEVELOPING,RIFT/SALT,8842,CRETACEOUS,SANDSTONE,984.0,328.0,15.0,127.0
MISSION CANYON,41.5135,-110.9286,COMPRESSION,ONSHORE,GAS-CONDENSATE,DECLINING PRODUCTION,SUB-THRUST,13300,CARBONIFEROUS,DOLOMITE,750.0,261.0,7.0,1.0
ARBUCKLE,34.8366,-95.3885,COMPRESSION/EXTENSION,ONSHORE,GAS,MATURE PRODUCTION,THRUST/FORELAND,12860,CAMBRIAN-ORDOVICIAN,DOLOMITE,2250.0,250.0,1.1,0.03
HUANGLONG,30.176,107.2948,COMPRESSION/SHALE,ONSHORE,GAS,DECLINING PRODUCTION,THRUST,12240,CARBONIFEROUS,DOLOMITE,98.0,33.0,6.0,0.2
HUANGLONG,31.1072,108.0421,COMPRESSION,ONSHORE,GAS,DEVELOPING,THRUST,13780,CARBONIFEROUS,DOLOMITE,98.0,79.0,6.0,0.77
SHERWOOD,50.6672,-2.0278,INVERSION/COMPRESSION/EXTENSION,ONSHORE-OFFSHORE,OIL,DECLINING PRODUCTION,RIFT/INVERSION,4954,TRIASSIC,SANDSTONE,525.0,150.0,18.0,100.0
KONGDIAN-1,38.17,117.09,EXTENSION,ONSHORE,OIL,DECLINING PRODUCTION,RIFT,8750,PALEOGENE,SANDSTONE,1230.0,125.0,15.6,83.0
SHAHEJIE (XINGLONGTAI),41.15,122.05,EXTENSION,ONSHORE,OIL,MATURE PRODUCTION,RIFT,5600,PALEOGENE,SANDSTONE,900.0,45.0,18.0,1800.0
LINGSHUI (LINGSHUI-3),17.5142,109.0088,EXTENSION,OFFSHORE,GAS,PLATEAU PRODUCTION,RIFT,11270,PALEOGENE,SANDSTONE,686.0,308.0,12.68,281.0
BAIYANGHE (JIANQUANZI L SAND),39.8015,97.4667,,ONSHORE,OIL,DECLINING PRODUCTION,THRUST,7667,PALEOGENE,SANDSTONE,200.0,52.0,,353.0
XIAGOU,39.8015,97.4667,COMPRESSION/EROSION,ONSHORE,OIL,DECLINING PRODUCTION,THRUST,11040,CRETACEOUS,SANDSTONE,620.0,115.0,8.5,2.45
KAPSALIANG,41.5539,83.544,,ONSHORE,GAS-CONDENSATE,DEVELOPING,THRUST/FORELAND,17132,CRETACEOUS,SANDSTONE,161.0,82.0,,90.0
BALIKPAPAN (YAKIN),-1.3522,116.8011,INVERSION/COMPRESSION/EXTENSION/SHALE,OFFSHORE,OIL,DECLINING PRODUCTION,INVERSION/BACKARC,490,NEOGENE,SANDSTONE,4800.0,400.0,25.0,500.0
POKUR,67.98,75.84,COMPRESSION,ONSHORE,GAS,PLATEAU PRODUCTION,INTRACRATONIC,3280,CRETACEOUS,SANDSTONE,2460.0,144.0,27.0,450.0
GUANTAO-MINGHUAZHEN,38.37,117.36,EXTENSION,ONSHORE,OIL,MATURE PRODUCTION,RIFT,3898,NEOGENE,SANDSTONE,2615.0,66.0,31.0,1475.0
WUMISHAN,38.7349,115.9453,EXTENSION,ONSHORE,OIL,NEARLY DEPLETED,RIFT,9327,PROTEROZOIC,DOLOMITE,1306.0,177.0,1.3,1.2
KOYVA,63.2992,53.6303,COMPRESSION/EVAPORITE,ONSHORE,OIL,PLATEAU PRODUCTION,INVERSION/FORELAND,480,DEVONIAN,SANDSTONE,100.0,56.0,21.0,1000.0
SAN ANDRES,31.0,-102.8333,COMPRESSION,ONSHORE,OIL,DECLINING PRODUCTION,FORELAND,4150,PERMIAN,DOLOMITE,225.0,200.0,17.5,62.0
KHUFF,22.1333,56.0,COMPRESSION/EVAPORITE,ONSHORE,OIL,DECLINING PRODUCTION,SALT/FORELAND,9219,PERMIAN,DOLOMITE,670.0,250.0,15.0,5.0
SHUAIBA,22.1333,56.0,COMPRESSION/EVAPORITE,ONSHORE,OIL,DECLINING PRODUCTION,SALT/FORELAND,4440,CRETACEOUS,CHALK,350.0,300.0,28.0,5.0
MAJIAGOU-BADOU,37.9167,118.4333,EXTENSION,ONSHORE,OIL,NEARLY DEPLETED,RIFT,5970,ORDOVICIAN,DOLOMITE,560.0,82.0,2.5,8.4
BONE SPRING (2ND SANDSTONE),32.767,-103.7601,,ONSHORE,OIL,DECLINING PRODUCTION,FORELAND,8315,PERMIAN,SHALY SANDSTONE,140.0,35.0,,1.0
STEVENS,35.0461,-119.1904,COMPRESSION/STRIKE-SLIP/TRANSPRESSION/BASEMENT-I,ONSHORE,OIL,NEARLY DEPLETED,WRENCH/FOREARC,11100,NEOGENE,THINLY-BEDDED SANDSTONE,200.0,150.0,20.0,75.0
AGBADA (QUA IBOE SANDS),3.8428,8.0797,GRAVITY/COMPRESSION/SHALE/EXTENSION/LINKED,OFFSHORE,OIL,DEVELOPING,DELTA/PASSIVE MARGIN,4400,NEOGENE,SANDSTONE,190.0,100.0,27.0,2000.0
THAMAMA ZONE I,24.8667,53.6833,,OFFSHORE,OIL,PLATEAU PRODUCTION,SALT/FORELAND,6420,CRETACEOUS,LIMESTONE,121.0,50.0,,1.5
THAMAMA ZONE II,24.8667,53.6833,GRAVITY/EVAPORITE/COMPRESSION,OFFSHORE,OIL,PLATEAU PRODUCTION,SALT/FORELAND,6940,CRETACEOUS,LIMESTONE,145.0,140.0,25.0,30.0
THAMAMA ZONE III,24.8667,53.6833,GRAVITY/EVAPORITE/COMPRESSION,OFFSHORE,OIL,PLATEAU PRODUCTION,SALT/FORELAND,7085,CRETACEOUS,LIMESTONE,537.0,110.0,23.0,15.0
THAMAMA ZONE IV,24.8667,53.6833,GRAVITY/EVAPORITE/COMPRESSION,OFFSHORE,OIL,PLATEAU PRODUCTION,SALT/FORELAND,7850,CRETACEOUS,LIMESTONE,147.0,90.0,25.0,60.0
KONGDIAN-1 (ZAOBEI BLOCK),38.21,117.06,EXTENSION,ONSHORE,OIL,MATURE PRODUCTION,RIFT,5384,PALEOGENE,SANDSTONE,230.0,69.0,26.7,1872.0
KONGDIAN-1 (ZAONAN BLOCK),38.21,117.06,,ONSHORE,OIL,PLATEAU PRODUCTION,RIFT,5545,PALEOGENE,SANDSTONE,689.0,192.0,,126.0
KONGDIAN-1 (ZILAITUN BLOCK),38.21,117.06,EXTENSION,ONSHORE,OIL,DECLINING PRODUCTION,RIFT,4721,PALEOGENE,SANDSTONE,164.0,62.0,23.2,121.0
KONGDIAN-2 (FENGHUADIAN BLOCK),38.21,117.06,,ONSHORE,OIL,PLATEAU PRODUCTION,RIFT,7579,PALEOGENE,SANDSTONE,295.0,79.0,,60.0
UNNAMED (FENGHUADIAN BLOCK),38.21,117.06,EXTENSION,ONSHORE,OIL,MATURE PRODUCTION,RIFT,9843,MESOZOIC,VOLCANICS,492.0,194.0,12.7,3.59
MELEKESKIAN,51.0,44.8042,COMPRESSION/EVAPORITE,ONSHORE,OIL,DECLINING PRODUCTION,FORELAND,1870,CARBONIFEROUS,SANDSTONE,262.0,33.0,24.0,30.0
TULIAN B1,51.0,44.8042,COMPRESSION/EVAPORITE,ONSHORE,OIL,NEARLY DEPLETED,FORELAND,3225,CARBONIFEROUS,SANDSTONE,128.0,44.0,26.0,1000.0
